name,latitude,longitude,search_query,gmaps_link
ALFAMART,-7.7857625,110.3576474,Alfamart,"https://www.google.com/maps/search/ALFAMART/@-7.7857625,110.3576474,17z"
ALFAMART CONDONGSARI,-7.765056,110.405681,Alfamart,"https://www.google.com/maps/search/ALFAMART%20CONDONGSARI/@-7.765056,110.405681,17z"
ALFAMART FLAGSHIP MALIOBORO,-7.7934876,110.3655801,Alfamart,"https://www.google.com/maps/search/ALFAMART%20FLAGSHIP%20MALIOBORO/@-7.7934876,110.3655801,17z"
ALFAMART GAJAH MADA,-7.8003815,110.373201,Alfamart,"https://www.google.com/maps/search/ALFAMART%20GAJAH%20MADA/@-7.8003815,110.373201,17z"
ATM BCA 551R Alfamart Perumnas Seturan,-7.7726107,110.4048169,Alfamart,"https://www.google.com/maps/search/ATM%20BCA%20551R%20Alfamart%20Perumnas%20Seturan/@-7.7726107,110.4048169,17z"
ATM BCA Alfamart Timoho,-7.7878645,110.3946153,Alfamart,"https://www.google.com/maps/search/ATM%20BCA%20Alfamart%20Timoho/@-7.7878645,110.3946153,17z"
ATM BCA alfamart Jl Am Sangaji,-7.77343,110.3680096,Alfamart,"https://www.google.com/maps/search/ATM%20BCA%20alfamart%20Jl%20Am%20Sangaji/@-7.77343,110.3680096,17z"
ATM Mandiri Alfamart Palagan,-7.7458973,110.3734047,Alfamart,"https://www.google.com/maps/search/ATM%20Mandiri%20Alfamart%20Palagan/@-7.7458973,110.3734047,17z"
Alfa Mart,-7.7721855,110.3896462,Alfamart,"https://www.google.com/maps/search/Alfa%20Mart/@-7.7721855,110.3896462,17z"
Alfamart Abu Bakar Ali,-7.7881125,110.3725301,Alfamart,"https://www.google.com/maps/search/Alfamart%20Abu%20Bakar%20Ali/@-7.7881125,110.3725301,17z"
Alfamart Adi Sucipto,-7.7833681,110.4004587,Alfamart,"https://www.google.com/maps/search/Alfamart%20Adi%20Sucipto/@-7.7833681,110.4004587,17z"
Alfamart Ampel Gading,-7.7597196,110.4059856,Alfamart,"https://www.google.com/maps/search/Alfamart%20Ampel%20Gading/@-7.7597196,110.4059856,17z"
Alfamart Anggajaya,-7.7549127,110.3991672,Alfamart,"https://www.google.com/maps/search/Alfamart%20Anggajaya/@-7.7549127,110.3991672,17z"
Alfamart Banguntapan,-7.81497,110.41212,Alfamart,"https://www.google.com/maps/search/Alfamart%20Banguntapan/@-7.81497,110.41212,17z"
Alfamart Blunyahgede,-7.7671266,110.3677652,Alfamart,"https://www.google.com/maps/search/Alfamart%20Blunyahgede/@-7.7671266,110.3677652,17z"
Alfamart Brigjen Katamso,-7.8051904,110.3694993,Alfamart,"https://www.google.com/maps/search/Alfamart%20Brigjen%20Katamso/@-7.8051904,110.3694993,17z"
Alfamart Brontokusuman Parangtritis 1,-7.8161923,110.3684046,Alfamart,"https://www.google.com/maps/search/Alfamart%20Brontokusuman%20Parangtritis%201/@-7.8161923,110.3684046,17z"
Alfamart Bugisan,-7.8184074,110.3483409,Alfamart,"https://www.google.com/maps/search/Alfamart%20Bugisan/@-7.8184074,110.3483409,17z"
Alfamart Candi Gebang,-7.7455272,110.41254,Alfamart,"https://www.google.com/maps/search/Alfamart%20Candi%20Gebang/@-7.7455272,110.41254,17z"
Alfamart Dabag Sleman,-7.7716197,110.4014665,Alfamart,"https://www.google.com/maps/search/Alfamart%20Dabag%20Sleman/@-7.7716197,110.4014665,17z"
Alfamart Dagen Yogyakarta,-7.79368,110.3646333,Alfamart,"https://www.google.com/maps/search/Alfamart%20Dagen%20Yogyakarta/@-7.79368,110.3646333,17z"
Alfamart Damai,-7.7342131,110.3916503,Alfamart,"https://www.google.com/maps/search/Alfamart%20Damai/@-7.7342131,110.3916503,17z"
Alfamart Demangan Baru,-7.7752501,110.3933778,Alfamart,"https://www.google.com/maps/search/Alfamart%20Demangan%20Baru/@-7.7752501,110.3933778,17z"
Alfamart Dr Sutomo,-7.7932251,110.3780463,Alfamart,"https://www.google.com/maps/search/Alfamart%20Dr%20Sutomo/@-7.7932251,110.3780463,17z"
Alfamart Gambiran,-7.8216902,110.3905321,Alfamart,"https://www.google.com/maps/search/Alfamart%20Gambiran/@-7.8216902,110.3905321,17z"
Alfamart Gedong Kuning 2,-7.8126661,110.4021981,Alfamart,"https://www.google.com/maps/search/Alfamart%20Gedong%20Kuning%202/@-7.8126661,110.4021981,17z"
Alfamart Gedong Tengen,-7.787817,110.3662156,Alfamart,"https://www.google.com/maps/search/Alfamart%20Gedong%20Tengen/@-7.787817,110.3662156,17z"
Alfamart Glagahsari,-7.8106829,110.3872682,Alfamart,"https://www.google.com/maps/search/Alfamart%20Glagahsari/@-7.8106829,110.3872682,17z"
Alfamart Godean KM 7,-7.775691,110.3252512,Alfamart,"https://www.google.com/maps/search/Alfamart%20Godean%20KM%207/@-7.775691,110.3252512,17z"
Alfamart Godean km 5,-7.7782712,110.3373264,Alfamart,"https://www.google.com/maps/search/Alfamart%20Godean%20km%205/@-7.7782712,110.3373264,17z"
Alfamart Gowongan,-7.7871356,110.3634189,Alfamart,"https://www.google.com/maps/search/Alfamart%20Gowongan/@-7.7871356,110.3634189,17z"
Alfamart Imogiri Timur,-7.8313509,110.3898378,Alfamart,"https://www.google.com/maps/search/Alfamart%20Imogiri%20Timur/@-7.8313509,110.3898378,17z"
Alfamart Jalan Ahmad Dahlan,-7.8010859,110.3593061,Alfamart,"https://www.google.com/maps/search/Alfamart%20Jalan%20Ahmad%20Dahlan/@-7.8010859,110.3593061,17z"
Alfamart Jalan Lowanu(ꦄꦭ꧀ꦥ꦳ꦩꦂꦠ꧀ꦗꦭꦤ꧀ꦭꦺꦴꦮꦤꦸ),-7.8203296,110.3767315,Alfamart,"https://www.google.com/maps/search/Alfamart%20Jalan%20Lowanu%28%EA%A6%84%EA%A6%AD%EA%A7%80%EA%A6%A5%EA%A6%B3%EA%A6%A9%EA%A6%82%EA%A6%A0%EA%A7%80%EA%A6%97%EA%A6%AD%EA%A6%A4%EA%A7%80%EA%A6%AD%EA%A6%BA%EA%A6%B4%EA%A6%AE%EA%A6%A4%EA%A6%B8%29/@-7.8203296,110.3767315,17z"
Alfamart Jembatan Merah,-7.7635816,110.3950678,Alfamart,"https://www.google.com/maps/search/Alfamart%20Jembatan%20Merah/@-7.7635816,110.3950678,17z"
Alfamart Jogja Bay,-7.746791,110.4197428,Alfamart,"https://www.google.com/maps/search/Alfamart%20Jogja%20Bay/@-7.746791,110.4197428,17z"
Alfamart Kaliurang KM 8.1,-7.7371825,110.3936176,Alfamart,"https://www.google.com/maps/search/Alfamart%20Kaliurang%20KM%208.1/@-7.7371825,110.3936176,17z"
Alfamart Kalongan Sleman,-7.7836678,110.4273696,Alfamart,"https://www.google.com/maps/search/Alfamart%20Kalongan%20Sleman/@-7.7836678,110.4273696,17z"
Alfamart Kapten Haryadi,-7.7216646,110.3867197,Alfamart,"https://www.google.com/maps/search/Alfamart%20Kapten%20Haryadi/@-7.7216646,110.3867197,17z"
Alfamart Karangwaru,-7.7770883,110.3611697,Alfamart,"https://www.google.com/maps/search/Alfamart%20Karangwaru/@-7.7770883,110.3611697,17z"
Alfamart MOJO YOGYAKARTA,-7.7906954,110.3865161,Alfamart,"https://www.google.com/maps/search/Alfamart%20MOJO%20YOGYAKARTA/@-7.7906954,110.3865161,17z"
Alfamart Magelang 5.6,-7.7552745,110.3622905,Alfamart,"https://www.google.com/maps/search/Alfamart%20Magelang%205.6/@-7.7552745,110.3622905,17z"
Alfamart Magelang KM 9,-7.7252414,110.3626365,Alfamart,"https://www.google.com/maps/search/Alfamart%20Magelang%20KM%209/@-7.7252414,110.3626365,17z"
Alfamart Malioboro,-7.7917097,110.3638326,Alfamart,"https://www.google.com/maps/search/Alfamart%20Malioboro/@-7.7917097,110.3638326,17z"
Alfamart Mancasan Kidul,-7.7628471,110.4156042,Alfamart,"https://www.google.com/maps/search/Alfamart%20Mancasan%20Kidul/@-7.7628471,110.4156042,17z"
Alfamart Mangkubumi Jogja,-7.7879154,110.366224,Alfamart,"https://www.google.com/maps/search/Alfamart%20Mangkubumi%20Jogja/@-7.7879154,110.366224,17z"
Alfamart Margo Utomo Yogyakarta,-7.7856291,110.3668533,Alfamart,"https://www.google.com/maps/search/Alfamart%20Margo%20Utomo%20Yogyakarta/@-7.7856291,110.3668533,17z"
Alfamart Monjali,-7.7551999,110.3700362,Alfamart,"https://www.google.com/maps/search/Alfamart%20Monjali/@-7.7551999,110.3700362,17z"
Alfamart Munggur,-7.784924,110.3882266,Alfamart,"https://www.google.com/maps/search/Alfamart%20Munggur/@-7.784924,110.3882266,17z"
Alfamart Ngeksigondo (ꦄꦭ꧀ꦥ꦳ꦩꦂꦠ꧀ꦔꦼꦏ꧀ꦱꦶꦒꦺꦴꦤ꧀ꦝꦺꦴ),-7.8195396,110.3974566,Alfamart,"https://www.google.com/maps/search/Alfamart%20Ngeksigondo%20%28%EA%A6%84%EA%A6%AD%EA%A7%80%EA%A6%A5%EA%A6%B3%EA%A6%A9%EA%A6%82%EA%A6%A0%EA%A7%80%EA%A6%94%EA%A6%BC%EA%A6%8F%EA%A7%80%EA%A6%B1%EA%A6%B6%EA%A6%92%EA%A6%BA%EA%A6%B4%EA%A6%A4%EA%A7%80%EA%A6%9D%EA%A6%BA%EA%A6%B4%29/@-7.8195396,110.3974566,17z"
Alfamart Nulis Geblagan Bantul,-7.8098278,110.3247406,Alfamart,"https://www.google.com/maps/search/Alfamart%20Nulis%20Geblagan%20Bantul/@-7.8098278,110.3247406,17z"
Alfamart PEMBELA TANAH AIR,-7.79017,110.3548185,Alfamart,"https://www.google.com/maps/search/Alfamart%20PEMBELA%20TANAH%20AIR/@-7.79017,110.3548185,17z"
Alfamart Patangpuluhan,-7.8074866,110.3468294,Alfamart,"https://www.google.com/maps/search/Alfamart%20Patangpuluhan/@-7.8074866,110.3468294,17z"
Alfamart Pringgodani,-7.7752215,110.3935704,Alfamart,"https://www.google.com/maps/search/Alfamart%20Pringgodani/@-7.7752215,110.3935704,17z"
Alfamart Rejowinangun,-7.810509,110.3999759,Alfamart,"https://www.google.com/maps/search/Alfamart%20Rejowinangun/@-7.810509,110.3999759,17z"
Alfamart Ring Road Selatan,-7.8268805,110.345791,Alfamart,"https://www.google.com/maps/search/Alfamart%20Ring%20Road%20Selatan/@-7.8268805,110.345791,17z"
Alfamart SAT Raya Janti,-7.7838758,110.4102718,Alfamart,"https://www.google.com/maps/search/Alfamart%20SAT%20Raya%20Janti/@-7.7838758,110.4102718,17z"
Alfamart SUTOPADAN,-7.7937762,110.3466425,Alfamart,"https://www.google.com/maps/search/Alfamart%20SUTOPADAN/@-7.7937762,110.3466425,17z"
Alfamart Sangaji,-7.7733171,110.3679939,Alfamart,"https://www.google.com/maps/search/Alfamart%20Sangaji/@-7.7733171,110.3679939,17z"
Alfamart Sendangadi,-7.73948,110.36251,Alfamart,"https://www.google.com/maps/search/Alfamart%20Sendangadi/@-7.73948,110.36251,17z"
Alfamart Sisingamangaraja,-7.8191293,110.3730365,Alfamart,"https://www.google.com/maps/search/Alfamart%20Sisingamangaraja/@-7.8191293,110.3730365,17z"
Alfamart Soragan,-7.7892193,110.3480322,Alfamart,"https://www.google.com/maps/search/Alfamart%20Soragan/@-7.7892193,110.3480322,17z"
Alfamart Sorogenen Jogja,-7.8246952,110.3803381,Alfamart,"https://www.google.com/maps/search/Alfamart%20Sorogenen%20Jogja/@-7.8246952,110.3803381,17z"
Alfamart Sorogenen Sleman,-7.783168,110.4418452,Alfamart,"https://www.google.com/maps/search/Alfamart%20Sorogenen%20Sleman/@-7.783168,110.4418452,17z"
Alfamart Sosromenduran,-7.7914784,110.3658889,Alfamart,"https://www.google.com/maps/search/Alfamart%20Sosromenduran/@-7.7914784,110.3658889,17z"
Alfamart TamanSiswa 42,-7.8077389,110.3777293,Alfamart,"https://www.google.com/maps/search/Alfamart%20TamanSiswa%2042/@-7.8077389,110.3777293,17z"
Alfamart Tentara Pelajar Sleman,-7.7459227,110.3734595,Alfamart,"https://www.google.com/maps/search/Alfamart%20Tentara%20Pelajar%20Sleman/@-7.7459227,110.3734595,17z"
Alfamart Tentara Rakyat,-7.7872178,110.3577656,Alfamart,"https://www.google.com/maps/search/Alfamart%20Tentara%20Rakyat/@-7.7872178,110.3577656,17z"
Alfamart Timoho,-7.7879211,110.394634,Alfamart,"https://www.google.com/maps/search/Alfamart%20Timoho/@-7.7879211,110.394634,17z"
Alfamart Wahid Hasyim,-7.77229,110.401719,Alfamart,"https://www.google.com/maps/search/Alfamart%20Wahid%20Hasyim/@-7.77229,110.401719,17z"
Alfamart Wahidhasyim 2,-7.7670213,110.4024959,Alfamart,"https://www.google.com/maps/search/Alfamart%20Wahidhasyim%202/@-7.7670213,110.4024959,17z"
Alfamart Wates Km3,-7.8004883,110.3411322,Alfamart,"https://www.google.com/maps/search/Alfamart%20Wates%20Km3/@-7.8004883,110.3411322,17z"
Alfamart Wiratama,-7.7925473,110.3522525,Alfamart,"https://www.google.com/maps/search/Alfamart%20Wiratama/@-7.7925473,110.3522525,17z"
Alfamart kyai mojo,-7.7815103,110.3522982,Alfamart,"https://www.google.com/maps/search/Alfamart%20kyai%20mojo/@-7.7815103,110.3522982,17z"
Alfamart manukan,-7.7451524,110.4017045,Alfamart,"https://www.google.com/maps/search/Alfamart%20manukan/@-7.7451524,110.4017045,17z"
Yogyakarta Alfamart Kyai Mojo Yogyakarta,-7.7813412,110.3520271,Alfamart,"https://www.google.com/maps/search/Yogyakarta%20Alfamart%20Kyai%20Mojo%20Yogyakarta/@-7.7813412,110.3520271,17z"
alfaexpress stasiun tugu Jogja,-7.7896608,110.3623612,Alfamart,"https://www.google.com/maps/search/alfaexpress%20stasiun%20tugu%20Jogja/@-7.7896608,110.3623612,17z"
ALFAMIDI Imogiri Barat,-7.8608653,110.3743105,Alfamidi,"https://www.google.com/maps/search/ALFAMIDI%20Imogiri%20Barat/@-7.8608653,110.3743105,17z"
ALFAMIDI JAMBON,-7.770907,110.3583046,Alfamidi,"https://www.google.com/maps/search/ALFAMIDI%20JAMBON/@-7.770907,110.3583046,17z"
ALFAMIDI Melati Wetan,-7.7914949,110.3874575,Alfamidi,"https://www.google.com/maps/search/ALFAMIDI%20Melati%20Wetan/@-7.7914949,110.3874575,17z"
ALFAMIDI PERUMNAS 2,-7.7670004,110.4055025,Alfamidi,"https://www.google.com/maps/search/ALFAMIDI%20PERUMNAS%202/@-7.7670004,110.4055025,17z"
ALFAMIDI RAYA SOLO KM13,-7.7744934,110.4640874,Alfamidi,"https://www.google.com/maps/search/ALFAMIDI%20RAYA%20SOLO%20KM13/@-7.7744934,110.4640874,17z"
ALFAMIDI TAMAN SISWA 2,-7.8068245,110.3775341,Alfamidi,"https://www.google.com/maps/search/ALFAMIDI%20TAMAN%20SISWA%202/@-7.8068245,110.3775341,17z"
AlfaMidi Super Tegalrejo,-7.7919904,110.3533359,Alfamidi,"https://www.google.com/maps/search/AlfaMidi%20Super%20Tegalrejo/@-7.7919904,110.3533359,17z"
Alfamidi,-7.7397562,110.4512283,Alfamidi,"https://www.google.com/maps/search/Alfamidi/@-7.7397562,110.4512283,17z"
Alfamidi Condongcatur,-7.751746,110.3986054,Alfamidi,"https://www.google.com/maps/search/Alfamidi%20Condongcatur/@-7.751746,110.3986054,17z"
Alfamidi Damai,-7.7315973,110.384182,Alfamidi,"https://www.google.com/maps/search/Alfamidi%20Damai/@-7.7315973,110.384182,17z"
Alfamidi Gondokusuman,-7.7834736,110.3792811,Alfamidi,"https://www.google.com/maps/search/Alfamidi%20Gondokusuman/@-7.7834736,110.3792811,17z"
Alfamidi Jl. Wonosari KM 9,-7.8242988,110.4289919,Alfamidi,"https://www.google.com/maps/search/Alfamidi%20Jl.%20Wonosari%20KM%209/@-7.8242988,110.4289919,17z"
Alfamidi Kaliurang KM.5,-7.7610549,110.3807444,Alfamidi,"https://www.google.com/maps/search/Alfamidi%20Kaliurang%20KM.5/@-7.7610549,110.3807444,17z"
Alfamidi Kasihan,-7.8289242,110.3323889,Alfamidi,"https://www.google.com/maps/search/Alfamidi%20Kasihan/@-7.8289242,110.3323889,17z"
Alfamidi Kebon Agung,-7.7316928,110.3245584,Alfamidi,"https://www.google.com/maps/search/Alfamidi%20Kebon%20Agung/@-7.7316928,110.3245584,17z"
Alfamidi Ki Ageng Pemanahan,-7.8338008,110.3811333,Alfamidi,"https://www.google.com/maps/search/Alfamidi%20Ki%20Ageng%20Pemanahan/@-7.8338008,110.3811333,17z"
Alfamidi Ki Penjawi,-7.8134452,110.3960727,Alfamidi,"https://www.google.com/maps/search/Alfamidi%20Ki%20Penjawi/@-7.8134452,110.3960727,17z"
Alfamidi Krapyak Sleman,-7.6940385,110.3450734,Alfamidi,"https://www.google.com/maps/search/Alfamidi%20Krapyak%20Sleman/@-7.6940385,110.3450734,17z"
Alfamidi Palagan,-7.7367984,110.3768704,Alfamidi,"https://www.google.com/maps/search/Alfamidi%20Palagan/@-7.7367984,110.3768704,17z"
Alfamidi Perumnas 1,-7.7787704,110.4056843,Alfamidi,"https://www.google.com/maps/search/Alfamidi%20Perumnas%201/@-7.7787704,110.4056843,17z"
Alfamidi Pleret,-7.832912,110.412393,Alfamidi,"https://www.google.com/maps/search/Alfamidi%20Pleret/@-7.832912,110.412393,17z"
Alfamidi Pringgokusuman,-7.7905829,110.3618573,Alfamidi,"https://www.google.com/maps/search/Alfamidi%20Pringgokusuman/@-7.7905829,110.3618573,17z"
Alfamidi Re Martadinata,-7.8010797,110.3496553,Alfamidi,"https://www.google.com/maps/search/Alfamidi%20Re%20Martadinata/@-7.8010797,110.3496553,17z"
Alfamidi Sorowajan,-7.7906643,110.3984725,Alfamidi,"https://www.google.com/maps/search/Alfamidi%20Sorowajan/@-7.7906643,110.3984725,17z"
Alfamidi Super Kaliurang,-7.728455,110.3986,Alfamidi,"https://www.google.com/maps/search/Alfamidi%20Super%20Kaliurang/@-7.728455,110.3986,17z"
Alfamidi Taman Siswa 1,-7.8120229,110.376572,Alfamidi,"https://www.google.com/maps/search/Alfamidi%20Taman%20Siswa%201/@-7.8120229,110.376572,17z"
Alfamidi Timoho Yogyakarta,-7.7904861,110.3935499,Alfamidi,"https://www.google.com/maps/search/Alfamidi%20Timoho%20Yogyakarta/@-7.7904861,110.3935499,17z"
Alfamidi Tritunggal꧋ꦄꦭ꧀ꦥ꦳ꦩꦶꦣꦶꦠꦿꦶꦠꦸꦁꦒꦭ꧀,-7.8249496,110.3772905,Alfamidi,"https://www.google.com/maps/search/Alfamidi%20Tritunggal%EA%A7%8B%EA%A6%84%EA%A6%AD%EA%A7%80%EA%A6%A5%EA%A6%B3%EA%A6%A9%EA%A6%B6%EA%A6%A3%EA%A6%B6%EA%A6%A0%EA%A6%BF%EA%A6%B6%EA%A6%A0%EA%A6%B8%EA%A6%81%EA%A6%92%EA%A6%AD%EA%A7%80/@-7.8249496,110.3772905,17z"
Alfamidi Veteran Jogja,-7.8165213,110.3853523,Alfamidi,"https://www.google.com/maps/search/Alfamidi%20Veteran%20Jogja/@-7.8165213,110.3853523,17z"
Alfamidi Warak Lor,-7.7148581,110.3404538,Alfamidi,"https://www.google.com/maps/search/Alfamidi%20Warak%20Lor/@-7.7148581,110.3404538,17z"
Kopi Kenangan - Alfamidi Super Kaliurang KM 9,-7.7284679,110.3986583,Alfamidi,"https://www.google.com/maps/search/Kopi%20Kenangan%20-%20Alfamidi%20Super%20Kaliurang%20KM%209/@-7.7284679,110.3986583,17z"
LAWSON X ALFAMIDI TAMANSISWA 1,-7.8120188,110.3765656,Alfamidi,"https://www.google.com/maps/search/LAWSON%20X%20ALFAMIDI%20TAMANSISWA%201/@-7.8120188,110.3765656,17z"
Lawson X Alfamidi Condongcatur,-7.7517942,110.3988151,Alfamidi,"https://www.google.com/maps/search/Lawson%20X%20Alfamidi%20Condongcatur/@-7.7517942,110.3988151,17z"
TK alfamidi-tk leminerale,-7.7926438,110.3657357,Alfamidi,"https://www.google.com/maps/search/TK%20alfamidi-tk%20leminerale/@-7.7926438,110.3657357,17z"
ATM BCA Cirkle K Kaliurang Bawah,-7.7638079,110.3792645,Circle K,"https://www.google.com/maps/search/ATM%20BCA%20Cirkle%20K%20Kaliurang%20Bawah/@-7.7638079,110.3792645,17z"
Bakpia Bro Kiss Jogja Outlet Malio Pendopo No 21(Samping Circle K pasar kembang),-7.7900403,110.3648476,Circle K,"https://www.google.com/maps/search/Bakpia%20Bro%20Kiss%20Jogja%20Outlet%20Malio%20Pendopo%20No%2021%28Samping%20Circle%20K%20pasar%20kembang%29/@-7.7900403,110.3648476,17z"
Circle K,-7.8046381,110.383972,Circle K,"https://www.google.com/maps/search/Circle%20K/@-7.8046381,110.383972,17z"
Circle K AM Sangaji,-7.77423,110.3679908,Circle K,"https://www.google.com/maps/search/Circle%20K%20AM%20Sangaji/@-7.77423,110.3679908,17z"
Circle K Ahmad Dahlan,-7.8012109,110.3631536,Circle K,"https://www.google.com/maps/search/Circle%20K%20Ahmad%20Dahlan/@-7.8012109,110.3631536,17z"
Circle K Ahmad Dahlan (Purwodiningratan),-7.8010532,110.358068,Circle K,"https://www.google.com/maps/search/Circle%20K%20Ahmad%20Dahlan%20%28Purwodiningratan%29/@-7.8010532,110.358068,17z"
Circle K Babarsari,-7.7756168,110.4156899,Circle K,"https://www.google.com/maps/search/Circle%20K%20Babarsari/@-7.7756168,110.4156899,17z"
Circle K Babarsari 2,-7.7738257,110.4100113,Circle K,"https://www.google.com/maps/search/Circle%20K%20Babarsari%202/@-7.7738257,110.4100113,17z"
Circle K Batas Kota,-7.7830202,110.3912512,Circle K,"https://www.google.com/maps/search/Circle%20K%20Batas%20Kota/@-7.7830202,110.3912512,17z"
Circle K DR. Wahidin (Korner),-7.7866568,110.3787891,Circle K,"https://www.google.com/maps/search/Circle%20K%20DR.%20Wahidin%20%28Korner%29/@-7.7866568,110.3787891,17z"
Circle K Dagen,-7.7936453,110.3618348,Circle K,"https://www.google.com/maps/search/Circle%20K%20Dagen/@-7.7936453,110.3618348,17z"
Circle K Demangan,-7.7783721,110.3927723,Circle K,"https://www.google.com/maps/search/Circle%20K%20Demangan/@-7.7783721,110.3927723,17z"
Circle K Demangan 2,-7.7756717,110.393323,Circle K,"https://www.google.com/maps/search/Circle%20K%20Demangan%202/@-7.7756717,110.393323,17z"
Circle K Dr Sutomo Lempuyangan,-7.7946817,110.3777239,Circle K,"https://www.google.com/maps/search/Circle%20K%20Dr%20Sutomo%20Lempuyangan/@-7.7946817,110.3777239,17z"
Circle K Gajahmada,-7.7969874,110.3724974,Circle K,"https://www.google.com/maps/search/Circle%20K%20Gajahmada/@-7.7969874,110.3724974,17z"
Circle K Gatic Condong Sari,-7.7723207,110.4049484,Circle K,"https://www.google.com/maps/search/Circle%20K%20Gatic%20Condong%20Sari/@-7.7723207,110.4049484,17z"
Circle K Gejayan - Ramen Korner,-7.7595982,110.3953125,Circle K,"https://www.google.com/maps/search/Circle%20K%20Gejayan%20-%20Ramen%20Korner/@-7.7595982,110.3953125,17z"
Circle K Gejayan 17C,-7.7723399,110.3895973,Circle K,"https://www.google.com/maps/search/Circle%20K%20Gejayan%2017C/@-7.7723399,110.3895973,17z"
Circle K Janti Yogya Expo Center,-7.7984788,110.4066626,Circle K,"https://www.google.com/maps/search/Circle%20K%20Janti%20Yogya%20Expo%20Center/@-7.7984788,110.4066626,17z"
Circle K Jl. Magelang KM 5,-7.7552712,110.3619177,Circle K,"https://www.google.com/maps/search/Circle%20K%20Jl.%20Magelang%20KM%205/@-7.7552712,110.3619177,17z"
Circle K Jl. Magelang KM. 7,-7.7428691,110.3622775,Circle K,"https://www.google.com/maps/search/Circle%20K%20Jl.%20Magelang%20KM.%207/@-7.7428691,110.3622775,17z"
Circle K Jwalk,-7.7794404,110.414273,Circle K,"https://www.google.com/maps/search/Circle%20K%20Jwalk/@-7.7794404,110.414273,17z"
Circle K Kaliurang Atas KM 5.5 (KORNER),-7.7584411,110.3817647,Circle K,"https://www.google.com/maps/search/Circle%20K%20Kaliurang%20Atas%20KM%205.5%20%28KORNER%29/@-7.7584411,110.3817647,17z"
Circle K Kaliurang Bawah,-7.763745,110.379285,Circle K,"https://www.google.com/maps/search/Circle%20K%20Kaliurang%20Bawah/@-7.763745,110.379285,17z"
Circle K Kotabaru,-7.7877972,110.3733569,Circle K,"https://www.google.com/maps/search/Circle%20K%20Kotabaru/@-7.7877972,110.3733569,17z"
Circle K Kusumanegara,-7.802221,110.3941019,Circle K,"https://www.google.com/maps/search/Circle%20K%20Kusumanegara/@-7.802221,110.3941019,17z"
Circle K Laksda Adi Sucipto 66,-7.7835063,110.4090289,Circle K,"https://www.google.com/maps/search/Circle%20K%20Laksda%20Adi%20Sucipto%2066/@-7.7835063,110.4090289,17z"
Circle K Malioboro,-7.7940705,110.3658703,Circle K,"https://www.google.com/maps/search/Circle%20K%20Malioboro/@-7.7940705,110.3658703,17z"
Circle K Nologaten Square (KORNER),-7.77848,110.4004355,Circle K,"https://www.google.com/maps/search/Circle%20K%20Nologaten%20Square%20%28KORNER%29/@-7.77848,110.4004355,17z"
Circle K Nusa Indah,-7.7514724,110.4111397,Circle K,"https://www.google.com/maps/search/Circle%20K%20Nusa%20Indah/@-7.7514724,110.4111397,17z"
Circle K Nusa Indah 2,-7.752665,110.4109558,Circle K,"https://www.google.com/maps/search/Circle%20K%20Nusa%20Indah%202/@-7.752665,110.4109558,17z"
Circle K Parangtritis,-7.8210219,110.3678185,Circle K,"https://www.google.com/maps/search/Circle%20K%20Parangtritis/@-7.8210219,110.3678185,17z"
Circle K Parangtritis Bangunharjo KM4,-7.8365171,110.3649703,Circle K,"https://www.google.com/maps/search/Circle%20K%20Parangtritis%20Bangunharjo%20KM4/@-7.8365171,110.3649703,17z"
Circle K Pasar Kembang,-7.7899486,110.3648327,Circle K,"https://www.google.com/maps/search/Circle%20K%20Pasar%20Kembang/@-7.7899486,110.3648327,17z"
Circle K Prawirotaman,-7.8192153,110.37187,Circle K,"https://www.google.com/maps/search/Circle%20K%20Prawirotaman/@-7.8192153,110.37187,17z"
Circle K Sedayu Wates KM 11,-7.8130583,110.26624,Circle K,"https://www.google.com/maps/search/Circle%20K%20Sedayu%20Wates%20KM%2011/@-7.8130583,110.26624,17z"
Circle K Seturan,-7.7717332,110.4095507,Circle K,"https://www.google.com/maps/search/Circle%20K%20Seturan/@-7.7717332,110.4095507,17z"
Circle K Seturan YKPN,-7.7681996,110.4102793,Circle K,"https://www.google.com/maps/search/Circle%20K%20Seturan%20YKPN/@-7.7681996,110.4102793,17z"
Circle K Sorogenen I,-7.7833773,110.4406889,Circle K,"https://www.google.com/maps/search/Circle%20K%20Sorogenen%20I/@-7.7833773,110.4406889,17z"
Circle K Sosrowijayan II,-7.7917382,110.3633845,Circle K,"https://www.google.com/maps/search/Circle%20K%20Sosrowijayan%20II/@-7.7917382,110.3633845,17z"
Circle K Sudirman,-7.783227,110.3723722,Circle K,"https://www.google.com/maps/search/Circle%20K%20Sudirman/@-7.783227,110.3723722,17z"
Circle K Sudirman Tugu,-7.7831107,110.3677611,Circle K,"https://www.google.com/maps/search/Circle%20K%20Sudirman%20Tugu/@-7.7831107,110.3677611,17z"
Circle K Taman Siswa 114,-7.8128049,110.3765287,Circle K,"https://www.google.com/maps/search/Circle%20K%20Taman%20Siswa%20114/@-7.8128049,110.3765287,17z"
Circle K Timoho 29B,-7.7904069,110.3933103,Circle K,"https://www.google.com/maps/search/Circle%20K%20Timoho%2029B/@-7.7904069,110.3933103,17z"
INDOMARET GLAGAHSARI 15,-7.803029,110.3889949,Indomaret,"https://www.google.com/maps/search/INDOMARET%20GLAGAHSARI%2015/@-7.803029,110.3889949,17z"
INDOMARET SETURAN 2,-7.7645866,110.4110312,Indomaret,"https://www.google.com/maps/search/INDOMARET%20SETURAN%202/@-7.7645866,110.4110312,17z"
INDOMARET WAHID HASYIM YOGYAKARTA,-7.8052598,110.3562532,Indomaret,"https://www.google.com/maps/search/INDOMARET%20WAHID%20HASYIM%20YOGYAKARTA/@-7.8052598,110.3562532,17z"
Indomaret,-7.819385,110.4014278,Indomaret,"https://www.google.com/maps/search/Indomaret/@-7.819385,110.4014278,17z"
Indomaret AM Sangaji 68,-7.7746236,110.3681655,Indomaret,"https://www.google.com/maps/search/Indomaret%20AM%20Sangaji%2068/@-7.7746236,110.3681655,17z"
Indomaret Affandi,-7.7600602,110.3950658,Indomaret,"https://www.google.com/maps/search/Indomaret%20Affandi/@-7.7600602,110.3950658,17z"
Indomaret Ahmad Dahlan,-7.8010731,110.3595053,Indomaret,"https://www.google.com/maps/search/Indomaret%20Ahmad%20Dahlan/@-7.8010731,110.3595053,17z"
Indomaret Anggajaya 3,-7.756703,110.3945303,Indomaret,"https://www.google.com/maps/search/Indomaret%20Anggajaya%203/@-7.756703,110.3945303,17z"
Indomaret Bantul,-7.8178152,110.3556567,Indomaret,"https://www.google.com/maps/search/Indomaret%20Bantul/@-7.8178152,110.3556567,17z"
Indomaret Bausasran,-7.7968614,110.3745958,Indomaret,"https://www.google.com/maps/search/Indomaret%20Bausasran/@-7.7968614,110.3745958,17z"
Indomaret Bhayangkara 24,-7.7996155,110.3622036,Indomaret,"https://www.google.com/maps/search/Indomaret%20Bhayangkara%2024/@-7.7996155,110.3622036,17z"
Indomaret Brigjen Katamso,-7.8071094,110.3694134,Indomaret,"https://www.google.com/maps/search/Indomaret%20Brigjen%20Katamso/@-7.8071094,110.3694134,17z"
Indomaret Bumijo(ꦆꦤ꧀ꦝꦺꦴꦩꦫꦺꦠ꧀ꦧꦸꦩꦶꦗꦺꦴ),-7.7857648,110.3630704,Indomaret,"https://www.google.com/maps/search/Indomaret%20Bumijo%28%EA%A6%86%EA%A6%A4%EA%A7%80%EA%A6%9D%EA%A6%BA%EA%A6%B4%EA%A6%A9%EA%A6%AB%EA%A6%BA%EA%A6%A0%EA%A7%80%EA%A6%A7%EA%A6%B8%EA%A6%A9%EA%A6%B6%EA%A6%97%EA%A6%BA%EA%A6%B4%29/@-7.7857648,110.3630704,17z"
Indomaret Cempaka 38,-7.7637464,110.3899001,Indomaret,"https://www.google.com/maps/search/Indomaret%20Cempaka%2038/@-7.7637464,110.3899001,17z"
Indomaret Cik Ditiro,-7.7804451,110.3754948,Indomaret,"https://www.google.com/maps/search/Indomaret%20Cik%20Ditiro/@-7.7804451,110.3754948,17z"
Indomaret Demangan Baru,-7.7792112,110.3923482,Indomaret,"https://www.google.com/maps/search/Indomaret%20Demangan%20Baru/@-7.7792112,110.3923482,17z"
Indomaret Dr. Sutomo,-7.7950015,110.3776822,Indomaret,"https://www.google.com/maps/search/Indomaret%20Dr.%20Sutomo/@-7.7950015,110.3776822,17z"
Indomaret Dusun Biru,-7.7658724,110.3441814,Indomaret,"https://www.google.com/maps/search/Indomaret%20Dusun%20Biru/@-7.7658724,110.3441814,17z"
Indomaret Empu Tantular,-7.7677051,110.3960665,Indomaret,"https://www.google.com/maps/search/Indomaret%20Empu%20Tantular/@-7.7677051,110.3960665,17z"
Indomaret Fresh Colombo,-7.7776055,110.3845495,Indomaret,"https://www.google.com/maps/search/Indomaret%20Fresh%20Colombo/@-7.7776055,110.3845495,17z"
Indomaret Fresh Dr. Sardjito Gondokusuman Yogyakarta,-7.7766915,110.3721566,Indomaret,"https://www.google.com/maps/search/Indomaret%20Fresh%20Dr.%20Sardjito%20Gondokusuman%20Yogyakarta/@-7.7766915,110.3721566,17z"
Indomaret Fresh Gejayan,-7.7702672,110.3901197,Indomaret,"https://www.google.com/maps/search/Indomaret%20Fresh%20Gejayan/@-7.7702672,110.3901197,17z"
Indomaret Fresh Pandega Marta,-7.7546316,110.3826079,Indomaret,"https://www.google.com/maps/search/Indomaret%20Fresh%20Pandega%20Marta/@-7.7546316,110.3826079,17z"
Indomaret Fresh Yos Sudarso Gondokusuman Yogyakarta,-7.7887545,110.3744669,Indomaret,"https://www.google.com/maps/search/Indomaret%20Fresh%20Yos%20Sudarso%20Gondokusuman%20Yogyakarta/@-7.7887545,110.3744669,17z"
Indomaret Godean Km 3,-7.7807303,110.3486906,Indomaret,"https://www.google.com/maps/search/Indomaret%20Godean%20Km%203/@-7.7807303,110.3486906,17z"
Indomaret Gondokusuman,-7.7975211,110.3794179,Indomaret,"https://www.google.com/maps/search/Indomaret%20Gondokusuman/@-7.7975211,110.3794179,17z"
Indomaret HOS Cokroaminoto,-7.7944705,110.3532516,Indomaret,"https://www.google.com/maps/search/Indomaret%20HOS%20Cokroaminoto/@-7.7944705,110.3532516,17z"
Indomaret HOS Cokroaminoto 209,-7.7846202,110.3524377,Indomaret,"https://www.google.com/maps/search/Indomaret%20HOS%20Cokroaminoto%20209/@-7.7846202,110.3524377,17z"
Indomaret Hayam Wuruk,-7.7955446,110.3726993,Indomaret,"https://www.google.com/maps/search/Indomaret%20Hayam%20Wuruk/@-7.7955446,110.3726993,17z"
Indomaret Hybrid Kusumanegara,-7.801813,110.3896269,Indomaret,"https://www.google.com/maps/search/Indomaret%20Hybrid%20Kusumanegara/@-7.801813,110.3896269,17z"
Indomaret Ipda Tut Harsono 2,-7.7979025,110.3926702,Indomaret,"https://www.google.com/maps/search/Indomaret%20Ipda%20Tut%20Harsono%202/@-7.7979025,110.3926702,17z"
Indomaret Jakal no.8 (FD4W),-7.7634681,110.3796588,Indomaret,"https://www.google.com/maps/search/Indomaret%20Jakal%20no.8%20%28FD4W%29/@-7.7634681,110.3796588,17z"
Indomaret Jetis,-7.7807267,110.3610482,Indomaret,"https://www.google.com/maps/search/Indomaret%20Jetis/@-7.7807267,110.3610482,17z"
Indomaret Jl Magelang No 77,-7.7766337,110.3609552,Indomaret,"https://www.google.com/maps/search/Indomaret%20Jl%20Magelang%20No%2077/@-7.7766337,110.3609552,17z"
Indomaret Jl. Mojo,-7.7899635,110.3865321,Indomaret,"https://www.google.com/maps/search/Indomaret%20Jl.%20Mojo/@-7.7899635,110.3865321,17z"
Indomaret Jl. Urip Sumoharjo,-7.7828836,110.3831738,Indomaret,"https://www.google.com/maps/search/Indomaret%20Jl.%20Urip%20Sumoharjo/@-7.7828836,110.3831738,17z"
Indomaret Kaliurang 2,-7.7598929,110.3808329,Indomaret,"https://www.google.com/maps/search/Indomaret%20Kaliurang%202/@-7.7598929,110.3808329,17z"
Indomaret Katamso (Barat Jalan),-7.8078211,110.3690057,Indomaret,"https://www.google.com/maps/search/Indomaret%20Katamso%20%28Barat%20Jalan%29/@-7.8078211,110.3690057,17z"
Indomaret Kentungan,-7.7512123,110.3852921,Indomaret,"https://www.google.com/maps/search/Indomaret%20Kentungan/@-7.7512123,110.3852921,17z"
Indomaret Kricak,-7.7748549,110.3610544,Indomaret,"https://www.google.com/maps/search/Indomaret%20Kricak/@-7.7748549,110.3610544,17z"
Indomaret Laksda Adisucipto,-7.7830064,110.3915392,Indomaret,"https://www.google.com/maps/search/Indomaret%20Laksda%20Adisucipto/@-7.7830064,110.3915392,17z"
Indomaret MT. Haryono,-7.8137486,110.359225,Indomaret,"https://www.google.com/maps/search/Indomaret%20MT.%20Haryono/@-7.8137486,110.359225,17z"
Indomaret Magelang KM4.7,-7.7651473,110.3615663,Indomaret,"https://www.google.com/maps/search/Indomaret%20Magelang%20KM4.7/@-7.7651473,110.3615663,17z"
Indomaret Maguwo,-7.8027798,110.4153654,Indomaret,"https://www.google.com/maps/search/Indomaret%20Maguwo/@-7.8027798,110.4153654,17z"
Indomaret Mangkubumi,-7.7877368,110.3663443,Indomaret,"https://www.google.com/maps/search/Indomaret%20Mangkubumi/@-7.7877368,110.3663443,17z"
Indomaret Mangkubumi No. 57,-7.7862111,110.3667976,Indomaret,"https://www.google.com/maps/search/Indomaret%20Mangkubumi%20No.%2057/@-7.7862111,110.3667976,17z"
Indomaret Mataram 30,-7.7955729,110.3691506,Indomaret,"https://www.google.com/maps/search/Indomaret%20Mataram%2030/@-7.7955729,110.3691506,17z"
Indomaret Menteri Supeno Yogyakarta,-7.8161861,110.3813306,Indomaret,"https://www.google.com/maps/search/Indomaret%20Menteri%20Supeno%20Yogyakarta/@-7.8161861,110.3813306,17z"
Indomaret Monjali 63A,-7.7563937,110.3699445,Indomaret,"https://www.google.com/maps/search/Indomaret%20Monjali%2063A/@-7.7563937,110.3699445,17z"
Indomaret Nandan,-7.7513272,110.3730521,Indomaret,"https://www.google.com/maps/search/Indomaret%20Nandan/@-7.7513272,110.3730521,17z"
Indomaret Nogorojo 197,-7.7868962,110.3996892,Indomaret,"https://www.google.com/maps/search/Indomaret%20Nogorojo%20197/@-7.7868962,110.3996892,17z"
Indomaret Pakualaman,-7.8009104,110.3729619,Indomaret,"https://www.google.com/maps/search/Indomaret%20Pakualaman/@-7.8009104,110.3729619,17z"
Indomaret Palagan 63,-7.7456833,110.3734356,Indomaret,"https://www.google.com/maps/search/Indomaret%20Palagan%2063/@-7.7456833,110.3734356,17z"
Indomaret Palagann,-7.7369867,110.3768482,Indomaret,"https://www.google.com/maps/search/Indomaret%20Palagann/@-7.7369867,110.3768482,17z"
Indomaret Pangeran Diponegoro Sleman,-7.7694686,110.4386305,Indomaret,"https://www.google.com/maps/search/Indomaret%20Pangeran%20Diponegoro%20Sleman/@-7.7694686,110.4386305,17z"
Indomaret Papringan,-7.7818568,110.3957658,Indomaret,"https://www.google.com/maps/search/Indomaret%20Papringan/@-7.7818568,110.3957658,17z"
Indomaret Parangtritis,-7.8263465,110.3676591,Indomaret,"https://www.google.com/maps/search/Indomaret%20Parangtritis/@-7.8263465,110.3676591,17z"
Indomaret Perumnas Mundu,-7.7747326,110.4046268,Indomaret,"https://www.google.com/maps/search/Indomaret%20Perumnas%20Mundu/@-7.7747326,110.4046268,17z"
Indomaret Perumnas Sleman,-7.7662306,110.4058231,Indomaret,"https://www.google.com/maps/search/Indomaret%20Perumnas%20Sleman/@-7.7662306,110.4058231,17z"
Indomaret Piere Tendean,-7.8043985,110.3509749,Indomaret,"https://www.google.com/maps/search/Indomaret%20Piere%20Tendean/@-7.8043985,110.3509749,17z"
Indomaret Point Malioboro,-7.7913762,110.3658789,Indomaret,"https://www.google.com/maps/search/Indomaret%20Point%20Malioboro/@-7.7913762,110.3658789,17z"
Indomaret Point Malioboro 2,-7.7935772,110.3655675,Indomaret,"https://www.google.com/maps/search/Indomaret%20Point%20Malioboro%202/@-7.7935772,110.3655675,17z"
Indomaret Point Stasiun Lempuyangan,-7.7901863,110.3763982,Indomaret,"https://www.google.com/maps/search/Indomaret%20Point%20Stasiun%20Lempuyangan/@-7.7901863,110.3763982,17z"
Indomaret Point Stasiun Tugu,-7.7896644,110.3631887,Indomaret,"https://www.google.com/maps/search/Indomaret%20Point%20Stasiun%20Tugu/@-7.7896644,110.3631887,17z"
Indomaret Prawirotaman,-7.8158017,110.3684827,Indomaret,"https://www.google.com/maps/search/Indomaret%20Prawirotaman/@-7.8158017,110.3684827,17z"
Indomaret Pringgodani,-7.7741848,110.3936482,Indomaret,"https://www.google.com/maps/search/Indomaret%20Pringgodani/@-7.7741848,110.3936482,17z"
Indomaret Prof DR Yohanes,-7.7786186,110.3796159,Indomaret,"https://www.google.com/maps/search/Indomaret%20Prof%20DR%20Yohanes/@-7.7786186,110.3796159,17z"
Indomaret RR 99,-7.7582408,110.3375897,Indomaret,"https://www.google.com/maps/search/Indomaret%20RR%2099/@-7.7582408,110.3375897,17z"
Indomaret Rejowinangun,-7.8107263,110.3988775,Indomaret,"https://www.google.com/maps/search/Indomaret%20Rejowinangun/@-7.8107263,110.3988775,17z"
Indomaret Ring Road Utara Gondangan,-7.7714647,110.4311504,Indomaret,"https://www.google.com/maps/search/Indomaret%20Ring%20Road%20Utara%20Gondangan/@-7.7714647,110.4311504,17z"
Indomaret Santren Gejayan,-7.7678853,110.3913365,Indomaret,"https://www.google.com/maps/search/Indomaret%20Santren%20Gejayan/@-7.7678853,110.3913365,17z"
Indomaret Soragan,-7.7897206,110.3482093,Indomaret,"https://www.google.com/maps/search/Indomaret%20Soragan/@-7.7897206,110.3482093,17z"
Indomaret Sugeng Jeroni,-7.8127844,110.3540903,Indomaret,"https://www.google.com/maps/search/Indomaret%20Sugeng%20Jeroni/@-7.8127844,110.3540903,17z"
Indomaret Sukoharjo,-7.7518305,110.3983933,Indomaret,"https://www.google.com/maps/search/Indomaret%20Sukoharjo/@-7.7518305,110.3983933,17z"
Indomaret Tegal Waras,-7.7370728,110.3717023,Indomaret,"https://www.google.com/maps/search/Indomaret%20Tegal%20Waras/@-7.7370728,110.3717023,17z"
Indomaret Tentara Rakyat Mataram,-7.7862124,110.3574453,Indomaret,"https://www.google.com/maps/search/Indomaret%20Tentara%20Rakyat%20Mataram/@-7.7862124,110.3574453,17z"
Indomaret Timoho,-7.7901712,110.3935776,Indomaret,"https://www.google.com/maps/search/Indomaret%20Timoho/@-7.7901712,110.3935776,17z"
Indomaret Titi Bumi,-7.7841273,110.3420966,Indomaret,"https://www.google.com/maps/search/Indomaret%20Titi%20Bumi/@-7.7841273,110.3420966,17z"
Indomaret Tunjung Baru,-7.7940182,110.3794583,Indomaret,"https://www.google.com/maps/search/Indomaret%20Tunjung%20Baru/@-7.7940182,110.3794583,17z"
Indomaret Wahid Hasyim,-7.7674671,110.402645,Indomaret,"https://www.google.com/maps/search/Indomaret%20Wahid%20Hasyim/@-7.7674671,110.402645,17z"
Indomaret Wahidin No 60,-7.7837964,110.3792448,Indomaret,"https://www.google.com/maps/search/Indomaret%20Wahidin%20No%2060/@-7.7837964,110.3792448,17z"
Indomaret Yohanes 1102,-7.7810907,110.3794635,Indomaret,"https://www.google.com/maps/search/Indomaret%20Yohanes%201102/@-7.7810907,110.3794635,17z"
Indomaret Yudonegaran,-7.8034713,110.3674512,Indomaret,"https://www.google.com/maps/search/Indomaret%20Yudonegaran/@-7.8034713,110.3674512,17z"
Kantor Indomart Yogyakarta,-7.7585373,110.3375904,Indomaret,"https://www.google.com/maps/search/Kantor%20Indomart%20Yogyakarta/@-7.7585373,110.3375904,17z"
Agen Kantor Pos Wirogunan,-7.8059855,110.3776565,Kantor Pos,"https://www.google.com/maps/search/Agen%20Kantor%20Pos%20Wirogunan/@-7.8059855,110.3776565,17z"
Agen Pos Karangwaru,-7.7699331,110.3616476,Kantor Pos,"https://www.google.com/maps/search/Agen%20Pos%20Karangwaru/@-7.7699331,110.3616476,17z"
Agen Pos Makmur,-7.77355,110.400702,Kantor Pos,"https://www.google.com/maps/search/Agen%20Pos%20Makmur/@-7.77355,110.400702,17z"
Agen Pos Pendowo Sleman,-7.7265473,110.3658913,Kantor Pos,"https://www.google.com/maps/search/Agen%20Pos%20Pendowo%20Sleman/@-7.7265473,110.3658913,17z"
Agenpos Dayu,-7.797068,110.370527,Kantor Pos,"https://www.google.com/maps/search/Agenpos%20Dayu/@-7.797068,110.370527,17z"
Agenpos Kuncen,-7.7969903,110.3522453,Kantor Pos,"https://www.google.com/maps/search/Agenpos%20Kuncen/@-7.7969903,110.3522453,17z"
Agenpos Postshop Indomart Yk Gondomaman,-7.8055358,110.3703498,Kantor Pos,"https://www.google.com/maps/search/Agenpos%20Postshop%20Indomart%20Yk%20Gondomaman/@-7.8055358,110.3703498,17z"
EKS KANTOR POS KR,-7.7856911,110.3666081,Kantor Pos,"https://www.google.com/maps/search/EKS%20KANTOR%20POS%20KR/@-7.7856911,110.3666081,17z"
KANTOR POS BABARSARI,-7.7769659,110.415077,Kantor Pos,"https://www.google.com/maps/search/KANTOR%20POS%20BABARSARI/@-7.7769659,110.415077,17z"
KANTOR POS MANCASAN,-7.7618019,110.41314,Kantor Pos,"https://www.google.com/maps/search/KANTOR%20POS%20MANCASAN/@-7.7618019,110.41314,17z"
KANTOR POS SEMAKI,-7.7975611,110.3808828,Kantor Pos,"https://www.google.com/maps/search/KANTOR%20POS%20SEMAKI/@-7.7975611,110.3808828,17z"
KANTOR POS TAHUNAN,-7.8041233,110.3868223,Kantor Pos,"https://www.google.com/maps/search/KANTOR%20POS%20TAHUNAN/@-7.8041233,110.3868223,17z"
KANTOR POS TAMANAN,-7.839932,110.3916745,Kantor Pos,"https://www.google.com/maps/search/KANTOR%20POS%20TAMANAN/@-7.839932,110.3916745,17z"
KANTOR POS WONOCATUR,-7.8128412,110.4095295,Kantor Pos,"https://www.google.com/maps/search/KANTOR%20POS%20WONOCATUR/@-7.8128412,110.4095295,17z"
KANTOR POS YOGYAKARTA PINGIT 55231U,-7.7916435,110.3545016,Kantor Pos,"https://www.google.com/maps/search/KANTOR%20POS%20YOGYAKARTA%20PINGIT%2055231U/@-7.7916435,110.3545016,17z"
Kantor Mail Processing Center Yogyakarta 55400,-7.749921,110.377736,Kantor Pos,"https://www.google.com/maps/search/Kantor%20Mail%20Processing%20Center%20Yogyakarta%2055400/@-7.749921,110.377736,17z"
Kantor Pos,-7.8129267,110.3871248,Kantor Pos,"https://www.google.com/maps/search/Kantor%20Pos/@-7.8129267,110.3871248,17z"
Kantor Pos AKAKOM,-7.7942849,110.4082285,Kantor Pos,"https://www.google.com/maps/search/Kantor%20Pos%20AKAKOM/@-7.7942849,110.4082285,17z"
Kantor Pos Agen Tamantirto,-7.8151587,110.3279026,Kantor Pos,"https://www.google.com/maps/search/Kantor%20Pos%20Agen%20Tamantirto/@-7.8151587,110.3279026,17z"
Kantor Pos Airport,-7.7837507,110.4385724,Kantor Pos,"https://www.google.com/maps/search/Kantor%20Pos%20Airport/@-7.7837507,110.4385724,17z"
Kantor Pos Baciro,-7.7914887,110.3844502,Kantor Pos,"https://www.google.com/maps/search/Kantor%20Pos%20Baciro/@-7.7914887,110.3844502,17z"
Kantor Pos Banguntapan,-7.8196863,110.4158324,Kantor Pos,"https://www.google.com/maps/search/Kantor%20Pos%20Banguntapan/@-7.8196863,110.4158324,17z"
Kantor Pos Banyuraden,-7.7782525,110.335927,Kantor Pos,"https://www.google.com/maps/search/Kantor%20Pos%20Banyuraden/@-7.7782525,110.335927,17z"
Kantor Pos Besar Yogyakarta,-7.8016265,110.365139,Kantor Pos,"https://www.google.com/maps/search/Kantor%20Pos%20Besar%20Yogyakarta/@-7.8016265,110.365139,17z"
Kantor Pos Besi Raya Sedan,-7.7431402,110.374004,Kantor Pos,"https://www.google.com/maps/search/Kantor%20Pos%20Besi%20Raya%20Sedan/@-7.7431402,110.374004,17z"
Kantor Pos Bulaksumur UGM,-7.7755968,110.37249,Kantor Pos,"https://www.google.com/maps/search/Kantor%20Pos%20Bulaksumur%20UGM/@-7.7755968,110.37249,17z"
Kantor Pos Cebongan,-7.733001,110.336579,Kantor Pos,"https://www.google.com/maps/search/Kantor%20Pos%20Cebongan/@-7.733001,110.336579,17z"
Kantor Pos Condongcatur,-7.7542818,110.4054063,Kantor Pos,"https://www.google.com/maps/search/Kantor%20Pos%20Condongcatur/@-7.7542818,110.4054063,17z"
Kantor Pos Danurejan,-7.7933449,110.3725269,Kantor Pos,"https://www.google.com/maps/search/Kantor%20Pos%20Danurejan/@-7.7933449,110.3725269,17z"
Kantor Pos Druwo,-7.8353531,110.3660085,Kantor Pos,"https://www.google.com/maps/search/Kantor%20Pos%20Druwo/@-7.8353531,110.3660085,17z"
Kantor Pos Godean,-7.7653759,110.2878894,Kantor Pos,"https://www.google.com/maps/search/Kantor%20Pos%20Godean/@-7.7653759,110.2878894,17z"
Kantor Pos Gondokusuman,-7.7847094,110.3883195,Kantor Pos,"https://www.google.com/maps/search/Kantor%20Pos%20Gondokusuman/@-7.7847094,110.3883195,17z"
Kantor Pos Gondomanan,-7.8003778,110.3694278,Kantor Pos,"https://www.google.com/maps/search/Kantor%20Pos%20Gondomanan/@-7.8003778,110.3694278,17z"
Kantor Pos Jakal Yogyakarta - Pengiriman Dalam & Luar Negeri,-7.7482983,110.3871323,Kantor Pos,"https://www.google.com/maps/search/Kantor%20Pos%20Jakal%20Yogyakarta%20-%20Pengiriman%20Dalam%20%26%20Luar%20Negeri/@-7.7482983,110.3871323,17z"
Kantor Pos Karanglo,-7.8281443,110.4064896,Kantor Pos,"https://www.google.com/maps/search/Kantor%20Pos%20Karanglo/@-7.8281443,110.4064896,17z"
Kantor Pos Katamso,-7.810621,110.36883,Kantor Pos,"https://www.google.com/maps/search/Kantor%20Pos%20Katamso/@-7.810621,110.36883,17z"
Kantor Pos Kemusuk,-7.7906122,110.278122,Kantor Pos,"https://www.google.com/maps/search/Kantor%20Pos%20Kemusuk/@-7.7906122,110.278122,17z"
Kantor Pos Ketandan,-7.8128483,110.4095257,Kantor Pos,"https://www.google.com/maps/search/Kantor%20Pos%20Ketandan/@-7.8128483,110.4095257,17z"
Kantor Pos Kronggahan,-7.7402571,110.3499006,Kantor Pos,"https://www.google.com/maps/search/Kantor%20Pos%20Kronggahan/@-7.7402571,110.3499006,17z"
Kantor Pos Lempuyangan,-7.7931229,110.3781947,Kantor Pos,"https://www.google.com/maps/search/Kantor%20Pos%20Lempuyangan/@-7.7931229,110.3781947,17z"
Kantor Pos Maguwo,-7.8044909,110.4159085,Kantor Pos,"https://www.google.com/maps/search/Kantor%20Pos%20Maguwo/@-7.8044909,110.4159085,17z"
Kantor Pos Mantap (Shipper Bausasran),-7.842783,110.374176,Kantor Pos,"https://www.google.com/maps/search/Kantor%20Pos%20Mantap%20%28Shipper%20Bausasran%29/@-7.842783,110.374176,17z"
Kantor Pos Mantrijeron,-7.8176796,110.3554973,Kantor Pos,"https://www.google.com/maps/search/Kantor%20Pos%20Mantrijeron/@-7.8176796,110.3554973,17z"
Kantor Pos Margo Utomo,-7.785691,110.3668705,Kantor Pos,"https://www.google.com/maps/search/Kantor%20Pos%20Margo%20Utomo/@-7.785691,110.3668705,17z"
Kantor Pos Mergangsan,-7.8157941,110.3732692,Kantor Pos,"https://www.google.com/maps/search/Kantor%20Pos%20Mergangsan/@-7.8157941,110.3732692,17z"
Kantor Pos Milfindo II,-7.7717833,110.407852,Kantor Pos,"https://www.google.com/maps/search/Kantor%20Pos%20Milfindo%20II/@-7.7717833,110.407852,17z"
Kantor Pos Mlangi,-7.7673673,110.3364781,Kantor Pos,"https://www.google.com/maps/search/Kantor%20Pos%20Mlangi/@-7.7673673,110.3364781,17z"
Kantor Pos Muja-Muju,-7.8007921,110.3955881,Kantor Pos,"https://www.google.com/maps/search/Kantor%20Pos%20Muja-Muju/@-7.8007921,110.3955881,17z"
Kantor Pos Munggur,-7.7737991,110.3178346,Kantor Pos,"https://www.google.com/maps/search/Kantor%20Pos%20Munggur/@-7.7737991,110.3178346,17z"
Kantor Pos Ngasem,-7.8067055,110.3601228,Kantor Pos,"https://www.google.com/maps/search/Kantor%20Pos%20Ngasem/@-7.8067055,110.3601228,17z"
Kantor Pos Nitikan Velocity,-7.8187103,110.3830589,Kantor Pos,"https://www.google.com/maps/search/Kantor%20Pos%20Nitikan%20Velocity/@-7.8187103,110.3830589,17z"
Kantor Pos Pusat Yogyakarta,-7.8013672,110.3647568,Kantor Pos,"https://www.google.com/maps/search/Kantor%20Pos%20Pusat%20Yogyakarta/@-7.8013672,110.3647568,17z"
Kantor Pos Rajawali,-7.7801011,110.3455697,Kantor Pos,"https://www.google.com/maps/search/Kantor%20Pos%20Rajawali/@-7.7801011,110.3455697,17z"
Kantor Pos Sinduadi,-7.7619883,110.3655327,Kantor Pos,"https://www.google.com/maps/search/Kantor%20Pos%20Sinduadi/@-7.7619883,110.3655327,17z"
Kantor Pos Sleman,-7.697691,110.3470855,Kantor Pos,"https://www.google.com/maps/search/Kantor%20Pos%20Sleman/@-7.697691,110.3470855,17z"
Kantor Pos Sonosewu,-7.8068635,110.3429477,Kantor Pos,"https://www.google.com/maps/search/Kantor%20Pos%20Sonosewu/@-7.8068635,110.3429477,17z"
Kantor Pos Soragan,-7.786541,110.3486112,Kantor Pos,"https://www.google.com/maps/search/Kantor%20Pos%20Soragan/@-7.786541,110.3486112,17z"
Kantor Pos Sorowajan Baru,-7.791301,110.398288,Kantor Pos,"https://www.google.com/maps/search/Kantor%20Pos%20Sorowajan%20Baru/@-7.791301,110.398288,17z"
Kantor Pos Suryodiningratan,-7.8176872,110.3571221,Kantor Pos,"https://www.google.com/maps/search/Kantor%20Pos%20Suryodiningratan/@-7.8176872,110.3571221,17z"
Kantor Pos Tamansiswa,-7.8118943,110.3779185,Kantor Pos,"https://www.google.com/maps/search/Kantor%20Pos%20Tamansiswa/@-7.8118943,110.3779185,17z"
Kantor Pos Yogyakarta Kotagede,-7.8274295,110.4004999,Kantor Pos,"https://www.google.com/maps/search/Kantor%20Pos%20Yogyakarta%20Kotagede/@-7.8274295,110.4004999,17z"
Kantor Pos Yogyakarta Krapyak,-7.8272243,110.3673159,Kantor Pos,"https://www.google.com/maps/search/Kantor%20Pos%20Yogyakarta%20Krapyak/@-7.8272243,110.3673159,17z"
Kantor Pos flyover Lempuyangan,-7.7903727,110.3782101,Kantor Pos,"https://www.google.com/maps/search/Kantor%20Pos%20flyover%20Lempuyangan/@-7.7903727,110.3782101,17z"
Kantor Pospay,-7.7855384,110.3792864,Kantor Pos,"https://www.google.com/maps/search/Kantor%20Pospay/@-7.7855384,110.3792864,17z"
Kantor pos Sewon,-7.8554855,110.3564698,Kantor Pos,"https://www.google.com/maps/search/Kantor%20pos%20Sewon/@-7.8554855,110.3564698,17z"
Kantor pos kadipiro,-7.7995745,110.3470008,Kantor Pos,"https://www.google.com/maps/search/Kantor%20pos%20kadipiro/@-7.7995745,110.3470008,17z"
Kantorpos Berbah,-7.8049404,110.4430507,Kantor Pos,"https://www.google.com/maps/search/Kantorpos%20Berbah/@-7.8049404,110.4430507,17z"
Kantorpos Kasihan,-7.8279707,110.3451858,Kantor Pos,"https://www.google.com/maps/search/Kantorpos%20Kasihan/@-7.8279707,110.3451858,17z"
Kantorpos Wirobrajan,-7.8053543,110.350049,Kantor Pos,"https://www.google.com/maps/search/Kantorpos%20Wirobrajan/@-7.8053543,110.350049,17z"
Kantorpos Yogyakarta Gondolayu,-7.7826828,110.3700942,Kantor Pos,"https://www.google.com/maps/search/Kantorpos%20Yogyakarta%20Gondolayu/@-7.7826828,110.3700942,17z"
Kantorpos Yogyakarta Mlati,-7.7396906,110.3624098,Kantor Pos,"https://www.google.com/maps/search/Kantorpos%20Yogyakarta%20Mlati/@-7.7396906,110.3624098,17z"
Kantorpos Yogyakarta Tegalrejo,-7.7722195,110.359964,Kantor Pos,"https://www.google.com/maps/search/Kantorpos%20Yogyakarta%20Tegalrejo/@-7.7722195,110.359964,17z"
Mandiri KF Yogyakarta Kantor Pos,-7.8016836,110.3649126,Kantor Pos,"https://www.google.com/maps/search/Mandiri%20KF%20Yogyakarta%20Kantor%20Pos/@-7.8016836,110.3649126,17z"
Pos Indonesia,-7.7849457,110.3576989,Kantor Pos,"https://www.google.com/maps/search/Pos%20Indonesia/@-7.7849457,110.3576989,17z"
Pos Indonesia SPP Yogyakarta,-7.74998,110.377943,Kantor Pos,"https://www.google.com/maps/search/Pos%20Indonesia%20SPP%20Yogyakarta/@-7.74998,110.377943,17z"
Post Office Gamping,-7.7980214,110.3248274,Kantor Pos,"https://www.google.com/maps/search/Post%20Office%20Gamping/@-7.7980214,110.3248274,17z"
T One Paket - Agen Pos,-7.7731583,110.3660598,Kantor Pos,"https://www.google.com/maps/search/T%20One%20Paket%20-%20Agen%20Pos/@-7.7731583,110.3660598,17z"
꧋ꦏꦤ꧀ꦠꦺꦴꦂꦥꦺꦴꦱ꧀ꦪꦺꦴꦒꦾꦏꦂꦠ Kantor Pos Yogyakarta,-7.8014611,110.3652429,Kantor Pos,"https://www.google.com/maps/search/%EA%A7%8B%EA%A6%8F%EA%A6%A4%EA%A7%80%EA%A6%A0%EA%A6%BA%EA%A6%B4%EA%A6%82%EA%A6%A5%EA%A6%BA%EA%A6%B4%EA%A6%B1%EA%A7%80%EA%A6%AA%EA%A6%BA%EA%A6%B4%EA%A6%92%EA%A6%BE%EA%A6%8F%EA%A6%82%EA%A6%A0%20Kantor%20Pos%20Yogyakarta/@-7.8014611,110.3652429,17z"
LAWSON ANGGAJAYA,-7.7557601,110.3965323,Lawson,"https://www.google.com/maps/search/LAWSON%20ANGGAJAYA/@-7.7557601,110.3965323,17z"
LAWSON HOSCOKROAMINOTO,-7.7982786,110.3522722,Lawson,"https://www.google.com/maps/search/LAWSON%20HOSCOKROAMINOTO/@-7.7982786,110.3522722,17z"
LAWSON KALIURANG,-7.7585896,110.3814702,Lawson,"https://www.google.com/maps/search/LAWSON%20KALIURANG/@-7.7585896,110.3814702,17z"
LAWSON LAKSDA ADISUCIPTO,-7.7830038,110.3901875,Lawson,"https://www.google.com/maps/search/LAWSON%20LAKSDA%20ADISUCIPTO/@-7.7830038,110.3901875,17z"
LAWSON MANGKUBUMI,-7.7878334,110.3663013,Lawson,"https://www.google.com/maps/search/LAWSON%20MANGKUBUMI/@-7.7878334,110.3663013,17z"
Lawson DR Soetomo - Yogyakarta,-7.7940123,110.3780203,Lawson,"https://www.google.com/maps/search/Lawson%20DR%20Soetomo%20-%20Yogyakarta/@-7.7940123,110.3780203,17z"
Lawson Dr. Wahidin,-7.786029,110.3788823,Lawson,"https://www.google.com/maps/search/Lawson%20Dr.%20Wahidin/@-7.786029,110.3788823,17z"
Lawson Garuda UMY,-7.8147428,110.3246363,Lawson,"https://www.google.com/maps/search/Lawson%20Garuda%20UMY/@-7.8147428,110.3246363,17z"
Lawson In Shop Perumnas II,-7.7670203,110.4055263,Lawson,"https://www.google.com/maps/search/Lawson%20In%20Shop%20Perumnas%20II/@-7.7670203,110.4055263,17z"
"Lawson Jln Magelang KM 5,5",-7.7560189,110.3618921,Lawson,"https://www.google.com/maps/search/Lawson%20Jln%20Magelang%20KM%205%2C5/@-7.7560189,110.3618921,17z"
Lawson Malioboro,-7.7929457,110.3657315,Lawson,"https://www.google.com/maps/search/Lawson%20Malioboro/@-7.7929457,110.3657315,17z"
Lawson Parangtritis,-7.8212405,110.3680522,Lawson,"https://www.google.com/maps/search/Lawson%20Parangtritis/@-7.8212405,110.3680522,17z"
Lawson Seturan,-7.7712988,110.4093932,Lawson,"https://www.google.com/maps/search/Lawson%20Seturan/@-7.7712988,110.4093932,17z"
Lawson Station Jakal,-7.6867694,110.4188306,Lawson,"https://www.google.com/maps/search/Lawson%20Station%20Jakal/@-7.6867694,110.4188306,17z"
Lawson kesehatan,-7.7704969,110.3727598,Lawson,"https://www.google.com/maps/search/Lawson%20kesehatan/@-7.7704969,110.3727598,17z"
Awi Gadai Gorongan,-7.7629093,110.4064044,Pegadaian,"https://www.google.com/maps/search/Awi%20Gadai%20Gorongan/@-7.7629093,110.4064044,17z"
Awi Gadai Moses,-7.7761227,110.3903897,Pegadaian,"https://www.google.com/maps/search/Awi%20Gadai%20Moses/@-7.7761227,110.3903897,17z"
Gadai Startech Seturan,-7.7678779,110.4002045,Pegadaian,"https://www.google.com/maps/search/Gadai%20Startech%20Seturan/@-7.7678779,110.4002045,17z"
Gadai Startech UGM,-7.7500252,110.3860448,Pegadaian,"https://www.google.com/maps/search/Gadai%20Startech%20UGM/@-7.7500252,110.3860448,17z"
Kantor Pegadaian Agen AmirGold,-7.7826683,110.3621296,Pegadaian,"https://www.google.com/maps/search/Kantor%20Pegadaian%20Agen%20AmirGold/@-7.7826683,110.3621296,17z"
Mahir Gadai Gowok,-7.7876551,110.3996365,Pegadaian,"https://www.google.com/maps/search/Mahir%20Gadai%20Gowok/@-7.7876551,110.3996365,17z"
PT PEGADAIAN CABANG KENTUNGAN,-7.743883,110.3896532,Pegadaian,"https://www.google.com/maps/search/PT%20PEGADAIAN%20CABANG%20KENTUNGAN/@-7.743883,110.3896532,17z"
Pegadaian,-7.7807283,110.3795332,Pegadaian,"https://www.google.com/maps/search/Pegadaian/@-7.7807283,110.3795332,17z"
Pegadaian Babarsari,-7.7739735,110.4133037,Pegadaian,"https://www.google.com/maps/search/Pegadaian%20Babarsari/@-7.7739735,110.4133037,17z"
Pegadaian Basen,-7.8229737,110.4004865,Pegadaian,"https://www.google.com/maps/search/Pegadaian%20Basen/@-7.8229737,110.4004865,17z"
Pegadaian Lempuyangan,-7.7932666,110.3726353,Pegadaian,"https://www.google.com/maps/search/Pegadaian%20Lempuyangan/@-7.7932666,110.3726353,17z"
Pegadaian Maguwo,-7.7836002,110.425309,Pegadaian,"https://www.google.com/maps/search/Pegadaian%20Maguwo/@-7.7836002,110.425309,17z"
Pegadaian Ngupasan,-7.7984751,110.3632819,Pegadaian,"https://www.google.com/maps/search/Pegadaian%20Ngupasan/@-7.7984751,110.3632819,17z"
Pegadaian Palagan,-7.7469621,110.3729463,Pegadaian,"https://www.google.com/maps/search/Pegadaian%20Palagan/@-7.7469621,110.3729463,17z"
Pegadaian Sentul,-7.8047452,110.3777276,Pegadaian,"https://www.google.com/maps/search/Pegadaian%20Sentul/@-7.8047452,110.3777276,17z"
Pegadaian Syariah Kusumanegara,-7.8018321,110.3871582,Pegadaian,"https://www.google.com/maps/search/Pegadaian%20Syariah%20Kusumanegara/@-7.8018321,110.3871582,17z"
Pegadaian Syariah Mlati,-7.7405116,110.3628825,Pegadaian,"https://www.google.com/maps/search/Pegadaian%20Syariah%20Mlati/@-7.7405116,110.3628825,17z"
Pegadaian Syariah Ngampilan,-7.7976796,110.3564233,Pegadaian,"https://www.google.com/maps/search/Pegadaian%20Syariah%20Ngampilan/@-7.7976796,110.3564233,17z"
Pegadaian Tambakmas,-7.7804452,110.3460433,Pegadaian,"https://www.google.com/maps/search/Pegadaian%20Tambakmas/@-7.7804452,110.3460433,17z"
Pegadaian Tugukulon,-7.7783585,110.3608967,Pegadaian,"https://www.google.com/maps/search/Pegadaian%20Tugukulon/@-7.7783585,110.3608967,17z"
Pegadaian UPC Cokroaminoto,-7.7871508,110.3525262,Pegadaian,"https://www.google.com/maps/search/Pegadaian%20UPC%20Cokroaminoto/@-7.7871508,110.3525262,17z"
Pegadaian UPC Condong Catur,-7.75603,110.3961467,Pegadaian,"https://www.google.com/maps/search/Pegadaian%20UPC%20Condong%20Catur/@-7.75603,110.3961467,17z"
Pegadaian UPC Gedongkuning,-7.8051782,110.4020543,Pegadaian,"https://www.google.com/maps/search/Pegadaian%20UPC%20Gedongkuning/@-7.8051782,110.4020543,17z"
Pegadaian UPC JANTI,-7.7986864,110.4110799,Pegadaian,"https://www.google.com/maps/search/Pegadaian%20UPC%20JANTI/@-7.7986864,110.4110799,17z"
Pegadaian UPC Lor Tvri,-7.7556974,110.361945,Pegadaian,"https://www.google.com/maps/search/Pegadaian%20UPC%20Lor%20Tvri/@-7.7556974,110.361945,17z"
Pegadaian UPC Monjali,-7.7663632,110.3692225,Pegadaian,"https://www.google.com/maps/search/Pegadaian%20UPC%20Monjali/@-7.7663632,110.3692225,17z"
Pegadaian UPC Pasar Demangan,-7.7803259,110.3883293,Pegadaian,"https://www.google.com/maps/search/Pegadaian%20UPC%20Pasar%20Demangan/@-7.7803259,110.3883293,17z"
Pegadaian UPC Pasar Kolombo,-7.7639484,110.3792373,Pegadaian,"https://www.google.com/maps/search/Pegadaian%20UPC%20Pasar%20Kolombo/@-7.7639484,110.3792373,17z"
Pegadaian UPC Timoho,-7.7896848,110.3933849,Pegadaian,"https://www.google.com/maps/search/Pegadaian%20UPC%20Timoho/@-7.7896848,110.3933849,17z"
Pegadaian UPS Terban,-7.7807884,110.3726152,Pegadaian,"https://www.google.com/maps/search/Pegadaian%20UPS%20Terban/@-7.7807884,110.3726152,17z"
Raja Gadai Jakal,-7.7573625,110.3819521,Pegadaian,"https://www.google.com/maps/search/Raja%20Gadai%20Jakal/@-7.7573625,110.3819521,17z"
Ria Gadai (Pegadaian),-7.7625603,110.4064743,Pegadaian,"https://www.google.com/maps/search/Ria%20Gadai%20%28Pegadaian%29/@-7.7625603,110.4064743,17z"
Branch Office Superindo Yogyakarta,-7.8241073,110.3684052,Superindo,"https://www.google.com/maps/search/Branch%20Office%20Superindo%20Yogyakarta/@-7.8241073,110.3684052,17z"
Pop Box Machine Superindo Kaliurang,-7.7526515,110.3848815,Superindo,"https://www.google.com/maps/search/Pop%20Box%20Machine%20Superindo%20Kaliurang/@-7.7526515,110.3848815,17z"
Super Indo Monjali,-7.7487713,110.3727329,Superindo,"https://www.google.com/maps/search/Super%20Indo%20Monjali/@-7.7487713,110.3727329,17z"
Super Indo Sleman City Hall,-7.7198931,110.361859,Superindo,"https://www.google.com/maps/search/Super%20Indo%20Sleman%20City%20Hall/@-7.7198931,110.361859,17z"
Super Indo Sonosewu,-7.806802,110.3417327,Superindo,"https://www.google.com/maps/search/Super%20Indo%20Sonosewu/@-7.806802,110.3417327,17z"
Super Indo XT Square,-7.8163494,110.3873007,Superindo,"https://www.google.com/maps/search/Super%20Indo%20XT%20Square/@-7.8163494,110.3873007,17z"
Superindo Dongkelan,-7.8205167,110.3556124,Superindo,"https://www.google.com/maps/search/Superindo%20Dongkelan/@-7.8205167,110.3556124,17z"
Superindo Godean,-7.782251,110.353273,Superindo,"https://www.google.com/maps/search/Superindo%20Godean/@-7.782251,110.353273,17z"
Superindo Kaliurang,-7.7527323,110.3849964,Superindo,"https://www.google.com/maps/search/Superindo%20Kaliurang/@-7.7527323,110.3849964,17z"
Superindo Parangtritis,-7.8242538,110.368067,Superindo,"https://www.google.com/maps/search/Superindo%20Parangtritis/@-7.8242538,110.368067,17z"
Superindo Perintis Kemerdekaan,-7.819164,110.396239,Superindo,"https://www.google.com/maps/search/Superindo%20Perintis%20Kemerdekaan/@-7.819164,110.396239,17z"
Superindo Seturan,-7.773062,110.409053,Superindo,"https://www.google.com/maps/search/Superindo%20Seturan/@-7.773062,110.409053,17z"
Superindo Sultan Agung,-7.8018125,110.3729006,Superindo,"https://www.google.com/maps/search/Superindo%20Sultan%20Agung/@-7.8018125,110.3729006,17z"
Superindo Urip Sumoharjo,-7.783433,110.3826,Superindo,"https://www.google.com/maps/search/Superindo%20Urip%20Sumoharjo/@-7.783433,110.3826,17z"
