Kecamatan;Kelurahan;latitude;longitude;search_query;gmaps_link
Banjarbaru Selatan;Loktabat Selatan;;;;
Banjarbaru Selatan;Kemuning;;;;
Banjarbaru Selatan;Guntung Paikat;;;;
Banjarbaru Selatan;Sungai Besar;;;;
Banjarmasin Barat;Teluk Tiram;;;;
Banjarmasin Barat;Telawang;;;;
Banjarmasin Barat;Telaga Biru;;;;
Banjarmasin Barat;Pelambuan;;;;
Banjarmasin Barat;Belitung Selatan;;;;
Banjarmasin Barat;Belitung Utara;;;;
Banjarmasin Barat;Basirih;;;;
Banjarmasin Barat;Kuin Cerucuk;;;;
Banjarmasin Barat;Kuin Selatan;;;;
Banjarmasin Selatan;Mantuil;;;;
Banjarmasin Selatan;Kelayan Selatan;;;;
Banjarmasin Selatan;Kelayan Timur;;;;
Banjarmasin Selatan;Tanjung Pagar;;;;
Banjarmasin Selatan;Pemurus Dalam;;;;
Banjarmasin Selatan;Pemurus Baru;;;;
Banjarmasin Selatan;Murung Raya;;;;
Banjarmasin Selatan;Kelayan Dalam;;;;
Banjarmasin Selatan;Kelayan Tengah;;;;
Banjarmasin Selatan;Pekauman;;;;
Banjarmasin Selatan;Kelayan Barat;;;;
Banjarmasin Selatan;Basirih Selatan;;;;
Banjarmasin Tengah;Kelayan Luar;;;;
Banjarmasin Tengah;Kertak Baru Ilir;;;;
Banjarmasin Tengah;Mawar;;;;
Banjarmasin Tengah;Teluk Dalam;;;;
Banjarmasin Tengah;Kertak Baru Ulu;;;;
Banjarmasin Tengah;Pekapuran Laut;;;;
Banjarmasin Tengah;Sungai Baru;;;;
Banjarmasin Tengah;Gadang;;;;
Banjarmasin Tengah;Antasan Besar;;;;
Banjarmasin Tengah;Pasar Lama;;;;
Banjarmasin Tengah;Seberang Mesjid;;;;
Banjarmasin Tengah;Melayu;;;;
Banjarmasin Timur;Pekapuran Raya;;;;
Banjarmasin Timur;Karang Mekar;;;;
Banjarmasin Timur;Kebun Bunga;;;;
Banjarmasin Timur;Sungai Lulut;;;;
Banjarmasin Timur;Kuripan;;;;
Banjarmasin Timur;Sungai Bilu;;;;
Banjarmasin Timur;Pengambangan;;;;
Banjarmasin Timur;Banua Anyar;;;;
Banjarmasin Timur;Pemurus Luar;;;;
Banjarmasin Utara;Kuin Utara;;;;
Banjarmasin Utara;Pangeran;;;;
Banjarmasin Utara;Sungai Miai;;;;
Banjarmasin Utara;Antasan Kecil Timur;;;;
Banjarmasin Utara;Surgi Mufti;;;;
Banjarmasin Utara;Sungai Jingah;;;;
Banjarmasin Utara;Alalak Utara;;;;
Banjarmasin Utara;Alalak Selatan;;;;
Banjarmasin Utara;Alalak Tengah;;;;
Banjarmasin Utara;Sungai Andai;;;;
Kusan Hilir;Kota Pagatan;;;;
Pulau Sembilan;Tengah;;;;
Karang Bintang;Rejowinangun;;;;
Karang Bintang;Pematang Ulin;;;;
Karang Bintang;Karang Bintang;;;;
Karang Bintang;Batulicin Irigasi;;;;
Karang Bintang;Pandan Sari;;;;
Karang Bintang;Sela Selilau;;;;
Karang Bintang;Manunggal;;;;
Karang Bintang;Maju Sejahtera;;;;
Karang Bintang;Sumber Wangi;;;;
Karang Bintang;Madu Retno;;;;
Karang Bintang;Karang Rejo;;;;
Karang Bintang;Karang Nunggal;;;;
Sampanahan;Sepapah;;;;
Sampanahan;Banjarsari;;;;
Sampanahan;Sungai Betung;;;;
Sampanahan;Sampanahan Hilir;;;;
Sampanahan;Sukamaju;;;;
Sampanahan;Sampanahan;;;;
Sampanahan;Gunung Batu Besar;;;;
Sampanahan;Basuang;;;;
Sampanahan;Papaan;;;;
Sampanahan;Rampa Manunggul;;;;
Satui;Sungai Cuka;;;;
Satui;Sejahtera Mulia;;;;
Satui;Jombang;;;;
Satui;Sungai Danau;;;;
Satui;Satui Timur;;;;
Satui;Satui Barat;;;;
Satui;Setarap;;;;
Satui;Tegal Sari;;;;
Satui;Sekapuk;;;;
Satui;Sumber Makmur;;;;
Satui;Wonorejo;;;;
Satui;Sumber Arum;;;;
Satui;Makmur Mulia;;;;
Satui;Al Kautsar;;;;
Satui;Sinar Bulan;;;;
Satui;Pendamaran Jaya;;;;
Satui;Sido Rejo;;;;
Satui;Beruntung Raya;;;;
Satui;Barakat Mufakat;;;;
Satui;Makmur Jaya;;;;
Sungai Pandan;Rantau Karau Hilir;;;;
Sungai Pandan;Pondok Babaris;;;;
Sungai Pandan;Murung Asam;;;;
Sungai Pandan;Banyu Tajun Dalam;;;;
Sungai Pandan;Tapus Dalam;;;;
Sungai Pandan;Banyu Tajun Hulu;;;;
Sungai Pandan;Sungai Kuini;;;;
Sungai Pandan;Banyu Tajun Pangkalan;;;;
Sungai Pandan;Pangkalan Sari;;;;
Sungai Pandan;Jalan Lurus;;;;
Sungai Pandan;Teluk Mesjid;;;;
Sungai Pandan;Banyu Tajun Hilir;;;;
Sungai Pandan;Tatah Laban;;;;
Sungai Pandan;Rantau Karau Hulu;;;;
Sungai Pandan;Rantau Karau Tengah;;;;
Sungai Pandan;Rantau Karau Raya;;;;
Sungai Pandan;Teluk Sinar;;;;
Sungai Pandan;Hambuku Tengah;;;;
Sungai Pandan;Hambuku Pasar;;;;
Sungai Pandan;Hambuku Raya;;;;
Sungai Pandan;Hambuku Hulu;;;;
Sungai Pandan;Tambalang;;;;
Sungai Pandan;Tambalang Tengah;;;;
Sungai Pandan;Tambalang Kecil;;;;
Sungai Pandan;Teluk Betung;;;;
Sungai Pandan;Sungai Pandan Hulu;;;;
Sungai Pandan;Sungai Pandan Tengah;;;;
Sungai Pandan;Sungai Pandan Hilir;;;;
Sungai Pandan;Sungai Sandung;;;;
Sungai Pandan;Sungai Pinang;;;;
Sungai Pandan;Pandulangan;;;;
Sungai Pandan;Putat Atas;;;;
Sungai Pandan;Padang Bangkal;;;;
Teluk Kepayang;Tibarau Panjang;;;;
Teluk Kepayang;Tapus;;;;
Teluk Kepayang;Darasan Binjai;;;;
Teluk Kepayang;Guntung;;;;
Teluk Kepayang;Teluk Kepayang;;;;
Teluk Kepayang;Hati If;;;;
Teluk Kepayang;Mangkalapi;;;;
Teluk Kepayang;Tamunih;;;;
Teluk Kepayang;Batu Bulan;;;;
Teluk Kepayang;Dadap Kusan Raya;;;;
Amuntai Selatan;Keramat;;;;
Amuntai Selatan;Panyiuran;;;;
Amuntai Selatan;Cempaka;;;;
Amuntai Selatan;Ilir Mesjid;;;;
Amuntai Selatan;Ujung Murung;;;;
Amuntai Selatan;Jarang Kuantan;;;;
Amuntai Selatan;Kota Raja;;;;
Amuntai Selatan;Jumba;;;;
Amuntai Selatan;Teluk Paring;;;;
Amuntai Selatan;Teluk Baru;;;;
Amuntai Selatan;Cangkering;;;;
Amuntai Selatan;Simpang Empat;;;;
Amuntai Selatan;Rukam Hulu;;;;
Amuntai Selatan;Rukam Hilir;;;;
Amuntai Selatan;Kutai Kecil;;;;
Amuntai Selatan;Padang Darat;;;;
Amuntai Selatan;Telaga Hanyar;;;;
Amuntai Selatan;Murung Sari;;;;
Amuntai Selatan;Mamar;;;;
Amuntai Selatan;Teluk Sari;;;;
Amuntai Selatan;Telaga Sari;;;;
Amuntai Selatan;Simpang Tiga;;;;
Amuntai Selatan;Harusan Telaga;;;;
Amuntai Selatan;Telaga Silaba;;;;
Amuntai Selatan;Banyu Hirang;;;;
Amuntai Selatan;Pulau Tambak;;;;
Amuntai Selatan;Kayakah;;;;
Amuntai Selatan;Bajawit;;;;
Amuntai Selatan;Padang Tanggul;;;;
Amuntai Selatan;Murung Panggang;;;;
Amuntai Tengah;Danau Cermin;;;;
Amuntai Tengah;Pinangkara;;;;
Amuntai Tengah;Pinang Habang;;;;
Amuntai Tengah;Tapus;;;;
Amuntai Tengah;Mawar Sari;;;;
Amuntai Tengah;Datu Kuning;;;;
Amuntai Tengah;Muara Tapus;;;;
Amuntai Tengah;Rantawan;;;;
Amuntai Tengah;Kandang Halang;;;;
Amuntai Tengah;Pasar Senin;;;;
Amuntai Tengah;Kembang Kuning;;;;
Amuntai Tengah;Kota Raden Hilir;;;;
Amuntai Tengah;Kota Raden Hulu;;;;
Amuntai Tengah;Kebun Sari;;;;
Amuntai Tengah;Sungai Karias;;;;
Amuntai Tengah;Hulu Pasar;;;;
Amuntai Tengah;Tambalangan;;;;
Amuntai Tengah;Tangga Ulin Hulu;;;;
Amuntai Tengah;Tangga Ulin Hilir;;;;
Amuntai Tengah;Antasari;;;;
Amuntai Tengah;Murung Sari;;;;
Amuntai Tengah;Paliwara;;;;
Amuntai Tengah;Palampitan Hulu;;;;
Amuntai Tengah;Palampitan Hilir;;;;
Amuntai Tengah;Sungai Malang;;;;
Amuntai Tengah;Tigarun;;;;
Amuntai Tengah;Sungai Baring;;;;
Amuntai Tengah;Harus;;;;
Amuntai Tengah;Harusan;;;;
Landasan Ulin;Landasan Ulin Timur;;;;
Landasan Ulin;Guntung Payung;;;;
Landasan Ulin;Syamsudin Noor;;;;
Landasan Ulin;Guntung Manggis;;;;
Paramasan;Angkipih;;;;
Paramasan;Remo;;;;
Paramasan;Paramasan Bawah;;;;
Paramasan;Paramasan Atas;;;;
Sungai Loban;Sebamban Baru;;;;
Sungai Loban;Sebamban Lama;;;;
Sungai Loban;Dwi Marga Utama;;;;
Sungai Loban;Sungai Dua Laut;;;;
Sungai Loban;Sungai Loban;;;;
Sungai Loban;Marga Mulya;;;;
Sungai Loban;Sari Mulya;;;;
Sungai Loban;Tri Mulya;;;;
Sungai Loban;Kerta Buwana;;;;
Sungai Loban;Tri Martani;;;;
Sungai Loban;Batu Meranti;;;;
Sungai Loban;Sari Utama;;;;
Sungai Loban;Damar Indah;;;;
Sungai Loban;Sumber Sari;;;;
Sungai Loban;Biduri Bersujud;;;;
Sungai Loban;Wanasari;;;;
Sungai Loban;Sumber Makmur;;;;
Amuntai Utara;Pamintangan;;;;
Amuntai Utara;Pakacangan;;;;
Amuntai Utara;Cakeru;;;;
Amuntai Utara;Pakapuran;;;;
Amuntai Utara;Panangkalaan;;;;
Amuntai Utara;Panangkalaan Hulu;;;;
Amuntai Utara;Padang Basar Hilir;;;;
Amuntai Utara;Padang Basar;;;;
Amuntai Utara;Murung Karangan;;;;
Amuntai Utara;Panangian;;;;
Amuntai Utara;Kamayahan;;;;
Amuntai Utara;Teluk Daun;;;;
Amuntai Utara;Kuangan;;;;
Amuntai Utara;Sungai Turak;;;;
Amuntai Utara;Telaga Bamban;;;;
Amuntai Utara;Tabalong Mati;;;;
Amuntai Utara;Sungai Turak Dalam;;;;
Amuntai Utara;Muara Baruh;;;;
Amuntai Utara;Panyaungan;;;;
Amuntai Utara;Pandawanan;;;;
Amuntai Utara;Pimping;;;;
Amuntai Utara;Padang Luar;;;;
Amuntai Utara;Air Tawar;;;;
Amuntai Utara;Tayur;;;;
Amuntai Utara;Guntung;;;;
Amuntai Utara;Tabing Liring;;;;
Angsana;Sumber Baru;;;;
Angsana;Angsana;;;;
Angsana;Bunati;;;;
Angsana;Karang Indah;;;;
Angsana;Banjarsari;;;;
Angsana;Bayansari;;;;
Angsana;Purwodadi;;;;
Angsana;Makmur;;;;
Angsana;Mekar Jaya;;;;
Banjarbaru Utara;Loktabat Utara;;;;
Banjarbaru Utara;Mentaos;;;;
Banjarbaru Utara;Komet;;;;
Banjarbaru Utara;Sungai Ulin;;;;
Kusan Hulu;Bakarangan;;;;
Kusan Hulu;Karang Mulya;;;;
Kusan Hulu;Harapan Jaya;;;;
Kusan Hulu;Lasung;;;;
Kusan Hulu;Sungai Rukam;;;;
Kusan Hulu;Manuntung;;;;
Kusan Hulu;Anjir Baru;;;;
Kusan Hulu;Binawara;;;;
Kusan Hulu;Pacakan;;;;
Kusan Hulu;Wonorejo;;;;
Kusan Hulu;Karang Sari;;;;
Tapin Utara;Antasari Hilir;;;;
Tapin Utara;Antasari;;;;
Tapin Utara;Perintis Raya;;;;
Tapin Utara;Banua Halat Kiri;;;;
Tapin Utara;Lumbu Raya;;;;
Tapin Utara;Keramat;;;;
Tapin Utara;Banua Halat Kanan;;;;
Tapin Utara;Jingah Babaris;;;;
Tapin Utara;Kakaran;;;;
Tapin Utara;Badaun;;;;
Tapin Utara;Banua Hanyar Hulu;;;;
Tapin Utara;Banua Hanyar;;;;
Tapin Utara;Kupang;;;;
Tapin Utara;Rangda Malingkung;;;;
Tapin Utara;Rantau Kiwa;;;;
Tapin Utara;Rantau Kanan;;;;
Anjir Muara;Anjir Serapat Baru I;;;;
Anjir Muara;Anjir Serapat Baru;;;;
Anjir Muara;Sepakat Bersama;;;;
Anjir Muara;Anjir Serapat Lama;;;;
Anjir Muara;Anjir Serapat Muara;;;;
Anjir Muara;Anjir Serapat Muara I;;;;
Anjir Muara;Marabahan Baru;;;;
Anjir Muara;Anjir Muara Kota;;;;
Anjir Muara;Patih Muhur;;;;
Anjir Muara;Anjir Muara Kota Tengah;;;;
Anjir Muara;Beringin Jaya;;;;
Anjir Muara;Anjir Muara Lama;;;;
Anjir Muara;Sungai Punggu Baru;;;;
Anjir Muara;Patih Muhur Baru;;;;
Anjir Muara;Sungai Punggu;;;;
Babirik;Murung Kupang;;;;
Babirik;Babirik Hilir;;;;
Babirik;Babirik Hulu;;;;
Babirik;Sungai Janjam;;;;
Babirik;Sungai Durait Hilir;;;;
Babirik;Sungai Durait Tengah;;;;
Babirik;Sungai Durait Hulu;;;;
Babirik;Hambuku Lima;;;;
Babirik;Hambuku Baru;;;;
Babirik;Hambuku Hilir;;;;
Babirik;Murung Panti Hulu;;;;
Babirik;Murung Panti Hilir;;;;
Babirik;Teluk Limbung;;;;
Babirik;Sungai Papuyu;;;;
Babirik;Kalumpang Luar;;;;
Babirik;Kalumpang Dalam;;;;
Babirik;Sungai Luang Hilir;;;;
Babirik;Parupukan;;;;
Babirik;Sungai Nyiur;;;;
Babirik;Sungai Luang Hulu;;;;
Babirik;Sungai Dalam;;;;
Babirik;Pajukungan Hilir;;;;
Babirik;Pajukungan Hulu;;;;
Haur Gading;Palimbangan Gusti;;;;
Haur Gading;Palimbangan;;;;
Haur Gading;Bayur;;;;
Haur Gading;Lok Suga;;;;
Haur Gading;Palimbang Sari;;;;
Haur Gading;Jingah Bujur;;;;
Haur Gading;Tambak Sari Panji;;;;
Haur Gading;Pulantani;;;;
Haur Gading;Haur Gading;;;;
Haur Gading;Sungai Limas;;;;
Haur Gading;Pihaung;;;;
Haur Gading;Keramat;;;;
Haur Gading;Teluk Haur;;;;
Haur Gading;Waringin;;;;
Haur Gading;Sungai Binuang;;;;
Haur Gading;Panawakan;;;;
Haur Gading;Tangkawang;;;;
Haur Gading;Tuhuran;;;;
Liang Anggang;Landasan Ulin Tengah;;;;
Liang Anggang;Landasan Ulin Utara;;;;
Liang Anggang;Landasan Ulin Barat;;;;
Liang Anggang;Landasan Ulin Selatan;;;;
Sungai Tabukan;Tambalang Raya;;;;
Sungai Tabukan;Rantau Bujur Hilir;;;;
Sungai Tabukan;Teluk Cati;;;;
Sungai Tabukan;Galagah;;;;
Sungai Tabukan;Galagah Hulu;;;;
Sungai Tabukan;Nelayan;;;;
Sungai Tabukan;Sungai Tabukan;;;;
Sungai Tabukan;Pematang Benteng;;;;
Sungai Tabukan;Pematang Benteng Hilir;;;;
Sungai Tabukan;Pasar Sabtu;;;;
Sungai Tabukan;Hilir Mesjid;;;;
Sungai Tabukan;Gampa Raya;;;;
Sungai Tabukan;Banua Hanyar;;;;
Sungai Tabukan;Sungai Haji;;;;
Sungai Tabukan;Rantau Bujur Hulu;;;;
Sungai Tabukan;Rantau Bujur Tengah;;;;
Sungai Tabukan;Rantau Bujur Darat;;;;
Banjang;Pawalutan;;;;
Banjang;Banjang;;;;
Banjang;Beringin;;;;
Banjang;Kalintamui;;;;
Banjang;Pelanjungan Sari;;;;
Banjang;Kaludan Besar;;;;
Banjang;Kaludan Kecil;;;;
Banjang;Rantau Bujur;;;;
Banjang;Karias Dalam;;;;
Banjang;Sungai Bahadangan;;;;
Banjang;Lok Bangkai;;;;
Banjang;Patarikan;;;;
Banjang;Teluk Buluh;;;;
Banjang;Pandulangan;;;;
Banjang;Garunggang;;;;
Banjang;Danau Terati;;;;
Banjang;Baruh Tabing;;;;
Banjang;Teluk Sarikat;;;;
Banjang;Murung Padang;;;;
Banjang;Pulau Damar;;;;
Danau Panggang;Sungai Namang;;;;
Danau Panggang;Sungai Panangah;;;;
Danau Panggang;Sarang Burung;;;;
Danau Panggang;Telaga Mas;;;;
Danau Panggang;Manarap Hulu;;;;
Danau Panggang;Manarap;;;;
Danau Panggang;Longkong;;;;
Danau Panggang;Bitin;;;;
Danau Panggang;Baru;;;;
Danau Panggang;Teluk Mesjid;;;;
Danau Panggang;Darussalam;;;;
Danau Panggang;Palukahan;;;;
Danau Panggang;Pandamaan;;;;
Danau Panggang;Danau Panggang;;;;
Danau Panggang;Pararain;;;;
Danau Panggang;Rintisan;;;;
Kandangan;Jambu Hilir;;;;
Kandangan;Tibung Raya;;;;
Kandangan;Amawang Kanan;;;;
Kandangan;Sungai Paring;;;;
Kandangan;Amawang Kiri;;;;
Kandangan;Bariang;;;;
Kandangan;Amawang Kiri Muka;;;;
Kandangan;Kandangan Barat;;;;
Kandangan;Kandangan Kota;;;;
Kandangan;Kandangan Utara;;;;
Kandangan;Gambah Luar Muka;;;;
Kandangan;Gambah Luar;;;;
Kandangan;Gambah Dalam;;;;
Kandangan;Gambah Dalam Barat;;;;
Kandangan;Lungau;;;;
Kandangan;Sungai Kupang;;;;
Kandangan;Bangkau;;;;
Kandangan;Baluti;;;;
Kuranji;Indraloka Jaya;;;;
Kuranji;Karang Intan;;;;
Kuranji;Mustika;;;;
Kuranji;Giri Mulya;;;;
Kuranji;Kuranji;;;;
Kuranji;Waringin Tunggal;;;;
Kuranji;Ringkit;;;;
Mantewe;Mantewe;;;;
Mantewe;Maju Mulyo;;;;
Mantewe;Sidomulyo;;;;
Mantewe;Sari Mulya;;;;
Mantewe;Bulu Rejo;;;;
Mantewe;Sukadamai;;;;
Mantewe;Sepakat;;;;
Mantewe;Dukuh Rejo;;;;
Mantewe;Rejosari;;;;
Mantewe;Emil Baru;;;;
Mantewe;Mentawakan Mulia;;;;
Mantewe;Gunung Raya;;;;
Cempaka;Palam;;;;
Cempaka;Bangkal;;;;
Cempaka;Sungai Tiung;;;;
Cempaka;Cempaka;;;;
Daha Selatan;Muning Dalam;;;;
Daha Selatan;Muning Baru;;;;
Daha Selatan;Muning Tengah;;;;
Daha Selatan;Samuda;;;;
Daha Selatan;Banua Hanyar;;;;
Daha Selatan;Parigi;;;;
Daha Selatan;Baruh Jaya;;;;
Daha Selatan;Tambangan;;;;
Daha Selatan;Habirau Tengah;;;;
Daha Selatan;Habirau;;;;
Daha Selatan;Sungai Pinang;;;;
Daha Selatan;Tumbukan Banyu;;;;
Daha Selatan;Banjar Baru;;;;
Daha Selatan;Bayanan;;;;
Daha Selatan;Pandan Sari;;;;
Daha Selatan;Pihanin Raya;;;;
Karang Intan;Kiram;;;;
Karang Intan;Mandiangin Barat;;;;
Karang Intan;Mandiangin Timur;;;;
Karang Intan;Awang Bangkal Barat;;;;
Karang Intan;Awang Bangkal Timur;;;;
Karang Intan;Mandikapau Timur;;;;
Karang Intan;Mandikapau Barat;;;;
Karang Intan;Pulau Nyiur;;;;
Karang Intan;Sungai Asam;;;;
Karang Intan;Sungai Alang;;;;
Karang Intan;Sungai Landas;;;;
Karang Intan;Padang Panjang;;;;
Karang Intan;Penyambaran;;;;
Karang Intan;Lihung;;;;
Karang Intan;Karang Intan;;;;
Karang Intan;Pasar Lama;;;;
Karang Intan;Pandak Daun;;;;
Karang Intan;Jingah Habang Ulu;;;;
Karang Intan;Jingah Habang Ilir;;;;
Karang Intan;Sungai Arfat;;;;
Karang Intan;Mali Mali;;;;
Karang Intan;Lok Tangga;;;;
Karang Intan;Sungai Besar;;;;
Karang Intan;Bi Ih;;;;
Karang Intan;Balau;;;;
Karang Intan;Abirau;;;;
Paminggir;Paminggir;;;;
Paminggir;Paminggir Seberang;;;;
Paminggir;Ambahai;;;;
Paminggir;Sapala;;;;
Paminggir;Bararawa;;;;
Paminggir;Pal Batu;;;;
Paminggir;Tampakang;;;;
Sungai Raya;Bumi Berkat;;;;
Sungai Raya;Ida Manggala;;;;
Sungai Raya;Batang Kulur Tengah;;;;
Sungai Raya;Batang Kulur Kanan;;;;
Sungai Raya;Tamiyang;;;;
Sungai Raya;Asam;;;;
Sungai Raya;Baru;;;;
Sungai Raya;Sungai Kali;;;;
Sungai Raya;Batang Kulur Kiri;;;;
Sungai Raya;Hariti;;;;
Sungai Raya;Sungai Raya Selatan;;;;
Sungai Raya;Paring Agung;;;;
Sungai Raya;Sarang Halang;;;;
Sungai Raya;Sungai Raya Utara;;;;
Sungai Raya;Tanah Bangkang;;;;
Sungai Raya;Karasikan;;;;
Sungai Raya;Hamalau;;;;
Sungai Raya;Telaga Bidadari;;;;
Daha Utara;Pakapuran Kecil;;;;
Daha Utara;Panggandingan;;;;
Daha Utara;Tambak Bitin;;;;
Daha Utara;Sungai Mandala;;;;
Daha Utara;Mandala Murung Mesjid;;;;
Daha Utara;Sungai Garuda;;;;
Daha Utara;Balah Paikat;;;;
Daha Utara;Baruh Kembang;;;;
Daha Utara;Pakan Dalam;;;;
Daha Utara;Paramaian;;;;
Daha Utara;Teluk Haur;;;;
Daha Utara;Pasungkan;;;;
Daha Utara;Pandak Daun;;;;
Daha Utara;Teluk Labak;;;;
Daha Utara;Murung Raya;;;;
Daha Utara;Hamayung;;;;
Daha Utara;Hamayung Utara;;;;
Daha Utara;Paharangan;;;;
Daha Utara;Hakurung;;;;
Hampang;Cantung Kiri Hulu;;;;
Hampang;Lalapin;;;;
Hampang;Hampang;;;;
Hampang;Cantung Kanan;;;;
Hampang;Limbur;;;;
Hampang;Peramasan 2x9;;;;
Hampang;Muara Urie;;;;
Hampang;Hulu Sampanahan;;;;
Hampang;Limbungan;;;;
Martapura;Cindai Alus;;;;
Martapura;Sungai Sipai;;;;
Martapura;Sungai Paring;;;;
Martapura;Jawa;;;;
Martapura;Tanjung Rema Darat;;;;
Martapura;Indrasari;;;;
Martapura;Labuan Tabu;;;;
Martapura;Bincau;;;;
Martapura;Tambak Baru;;;;
Martapura;Bincau Muara;;;;
Martapura;Tunggul Irang;;;;
Martapura;Tunggul Irang Ulu;;;;
Martapura;Tanjung Rema;;;;
Martapura;Jawa Laut;;;;
Martapura;Tunggul Irang Ilir;;;;
Martapura;Murung Keraton;;;;
Martapura;Keraton;;;;
Martapura;Pesayangan Utara;;;;
Martapura;Pesayangan Selatan;;;;
Martapura;Pesayangan Barat;;;;
Martapura;Pasayangan;;;;
Martapura;Murung Kenanga;;;;
Martapura;Tambak Baru Ilir;;;;
Martapura;Tambak Baru Ulu;;;;
Martapura;Tungkaran;;;;
Martapura;Sekumpul;;;;
Martapura Timur;Antasan Senor Ilir;;;;
Martapura Timur;Antasan Senor;;;;
Martapura Timur;Tambak Anyar llir;;;;
Martapura Timur;Tambak Anyar;;;;
Martapura Timur;Tambak Anyar Ulu;;;;
Martapura Timur;Pematang Baru;;;;
Martapura Timur;Melayu;;;;
Martapura Timur;Mekar;;;;
Martapura Timur;Pekauman Ulu;;;;
Martapura Timur;Pekauman;;;;
Martapura Timur;Pekauman Dalam;;;;
Martapura Timur;Keramat Baru;;;;
Martapura Timur;Keramat;;;;
Martapura Timur;Melayu Tengah;;;;
Martapura Timur;Melayu Ilir;;;;
Martapura Timur;Dalam Pagar Ulu;;;;
Martapura Timur;Akar Baru;;;;
Martapura Timur;Akar Bagantung;;;;
Martapura Timur;Dalam Pagar;;;;
Martapura Timur;Sungai Kitano;;;;
Padang Batung;Malutu;;;;
Padang Batung;Malilingin;;;;
Padang Batung;Batu Laki;;;;
Padang Batung;Jelatang;;;;
Padang Batung;Batu Bini;;;;
Padang Batung;Durian Rabung;;;;
Padang Batung;Pahampangan;;;;
Padang Batung;Jambu Hulu;;;;
Padang Batung;Padang Batung;;;;
Padang Batung;Mawangi;;;;
Padang Batung;Jembatan Merah;;;;
Padang Batung;Kaliring;;;;
Padang Batung;Madang;;;;
Padang Batung;Karang Jawa;;;;
Padang Batung;Karang Jawa Muka;;;;
Padang Batung;Tabihi;;;;
Padang Batung;Pandulangan;;;;
Telaga Langsat;Ambutun;;;;
Telaga Langsat;Lok Binuang;;;;
Telaga Langsat;Telaga Langsat;;;;
Telaga Langsat;Mandala;;;;
Telaga Langsat;Pakuan Timur;;;;
Telaga Langsat;Pandulangan;;;;
Telaga Langsat;Longawang;;;;
Telaga Langsat;Gumbil;;;;
Telaga Langsat;Hamak;;;;
Telaga Langsat;Hamak Timur;;;;
Telaga Langsat;Hamak Utara;;;;
Angkinang;Telaga Sili-Sili;;;;
Angkinang;Taniran Selatan;;;;
Angkinang;Taniran Kubah;;;;
Angkinang;Bakarung;;;;
Angkinang;Angkinang Selatan;;;;
Angkinang;Tawia;;;;
Angkinang;Kayu Abang;;;;
Angkinang;Angkinang;;;;
Angkinang;Bamban Selatan;;;;
Angkinang;Bamban;;;;
Angkinang;Bamban Utara;;;;
Batulicin;Segumbang;;;;
Batulicin;Gunung Tinggi;;;;
Batulicin;Kersik Putih;;;;
Batulicin;Batulicin;;;;
Batulicin;Maju Makmur;;;;
Batulicin;Danau Indah;;;;
Batulicin;Polewali Marajae;;;;
Batulicin;Maju Bersama;;;;
Batulicin;Sukamaju;;;;
Loksado;Halunuk;;;;
Loksado;Panggungan;;;;
Loksado;Lumpangi;;;;
Loksado;Malinau;;;;
Loksado;Hulu Banyu;;;;
Loksado;Tumingki;;;;
Loksado;Kamawakan;;;;
Loksado;Lok Lahung;;;;
Loksado;Loksado;;;;
Loksado;Ulang;;;;
Loksado;Haratai;;;;
Pulau Laut Sigam;Baharu Selatan;;;;
Pulau Laut Sigam;Sebatung;;;;
Pulau Laut Sigam;Kotabaru Tengah;;;;
Pulau Laut Sigam;Kotabaru Hilir;;;;
Pulau Laut Sigam;Hilir Muara;;;;
Pulau Laut Sigam;Batuah;;;;
Pulau Laut Sigam;Baharu Utara;;;;
Pulau Laut Sigam;Tirawan;;;;
Pulau Laut Sigam;Gedambaan;;;;
Pulau Laut Sigam;Sarang Tiung;;;;
Pulau Laut Sigam;Sigam;;;;
Simpur;Wasah Hulu;;;;
Simpur;Wasah Tengah;;;;
Simpur;Wasah Hilir;;;;
Simpur;Simpur;;;;
Simpur;Tebing Tinggi;;;;
Simpur;Garunggang;;;;
Simpur;Amparaya;;;;
Simpur;Panjampang Bahagia;;;;
Simpur;Ulin;;;;
Simpur;Pantai Ulin;;;;
Simpur;Kapuh;;;;
Tabunganen;Kuala Lupak;;;;
Tabunganen;Sungai Telan Besar;;;;
Tabunganen;Sungai Telan Kecil;;;;
Tabunganen;Sungai Telan Muara;;;;
Tabunganen;Tabunganen Muara;;;;
Tabunganen;Tabunganen Kecil;;;;
Tabunganen;Tabunganen Tengah;;;;
Tabunganen;Karya Baru;;;;
Tabunganen;Tabunganen Pemurus;;;;
Tabunganen;Tanggul Rejo;;;;
Tabunganen;Beringin Kencana;;;;
Tabunganen;Sungai Teras Dalam;;;;
Tabunganen;Sungai Teras Luar;;;;
Tabunganen;Sungai Jingah Besar;;;;
Anjir Pasar;Pandan Sari;;;;
Anjir Pasar;Andaman;;;;
Anjir Pasar;Andaman II;;;;
Anjir Pasar;Anjir Seberang Pasar II;;;;
Anjir Pasar;Anjir Seberang Pasar;;;;
Anjir Pasar;Anjir Pasar Lama;;;;
Anjir Pasar;Anjir Pasar Kota II;;;;
Anjir Pasar;Anjir Pasar Kota;;;;
Anjir Pasar;Barunai Baru;;;;
Anjir Pasar;Hilir Mesjid;;;;
Anjir Pasar;Banyiur;;;;
Anjir Pasar;Danau Karya;;;;
Anjir Pasar;Mentaren;;;;
Anjir Pasar;Gandaria;;;;
Anjir Pasar;Gandaraya;;;;
Bati-Bati;Benua Raya;;;;
Bati-Bati;Bati-Bati;;;;
Bati-Bati;Padang;;;;
Bati-Bati;Ujung;;;;
Bati-Bati;Ujung Baru;;;;
Bati-Bati;Nusa Indah;;;;
Bati-Bati;Kait-Kait;;;;
Bati-Bati;Kait-Kait Baru;;;;
Bati-Bati;Bentok Darat;;;;
Bati-Bati;Banyu Irang;;;;
Bati-Bati;Bentok Kampung;;;;
Bati-Bati;Sambangan;;;;
Bati-Bati;Liang Anggang;;;;
Bati-Bati;Pandahan;;;;
Daha Barat;Bajayau Lama;;;;
Daha Barat;Tanjung Selor;;;;
Daha Barat;Badaun;;;;
Daha Barat;Bajayau Tengah;;;;
Daha Barat;Bajayau;;;;
Daha Barat;Baru;;;;
Daha Barat;Siang Gantung;;;;
Hantakan;Kindingan;;;;
Hantakan;Haruyan Dayak;;;;
Hantakan;Tilahan;;;;
Hantakan;Pasting;;;;
Hantakan;Batu Tunggal;;;;
Hantakan;Bulayak;;;;
Hantakan;Murung B;;;;
Hantakan;Datar Ajab;;;;
Hantakan;Alat;;;;
Hantakan;Hantakan;;;;
Hantakan;Hinas Kanan;;;;
Hantakan;Patikalain;;;;
Kalumpang;Balimau;;;;
Kalumpang;Karang Paci;;;;
Kalumpang;Bago Tanggul;;;;
Kalumpang;Karang Bulan;;;;
Kalumpang;Balanti;;;;
Kalumpang;Kalumpang;;;;
Kalumpang;Tambingkar;;;;
Kalumpang;Sirih;;;;
Kalumpang;Sirih Hulu;;;;
Pamukan Utara;Bepara;;;;
Pamukan Utara;Bakau;;;;
Pamukan Utara;Kalian;;;;
Pamukan Utara;Binturung;;;;
Pamukan Utara;Harapan Baru;;;;
Pamukan Utara;Tamiang;;;;
Pamukan Utara;Lintang Jaya;;;;
Pamukan Utara;Mulyo Harjo;;;;
Pamukan Utara;Wonorejo;;;;
Pamukan Utara;Pamukan Indah;;;;
Pamukan Utara;Balaimea;;;;
Pamukan Utara;Betung;;;;
Pamukan Utara;Sekayu Baru;;;;
Alalak;Pulau Sugara;;;;
Alalak;Pulau Sewangi;;;;
Alalak;Pulau Alalak;;;;
Alalak;Semangat Karya;;;;
Alalak;Semangat Bakti;;;;
Alalak;Semangat Dalam;;;;
Alalak;Tatah Mesjid;;;;
Alalak;Berangas Timur;;;;
Alalak;Sungai Lumbah;;;;
Alalak;Beringin;;;;
Alalak;Sungai Pitung;;;;
Alalak;Belandean Muara;;;;
Alalak;Belandean;;;;
Alalak;Panca Karya;;;;
Alalak;Tanjung Harapan;;;;
Alalak;Handil Bakti;;;;
Alalak;Berangas;;;;
Alalak;Berangas Barat;;;;
Batang Alai Selatan;Tanah Habang;;;;
Batang Alai Selatan;Cukan Lipai;;;;
Batang Alai Selatan;Paya;;;;
Batang Alai Selatan;Kias;;;;
Batang Alai Selatan;Kapar;;;;
Batang Alai Selatan;Tembok Bahalang;;;;
Batang Alai Selatan;Banua Rantau;;;;
Batang Alai Selatan;Lok Basar;;;;
Batang Alai Selatan;Lunjuk;;;;
Batang Alai Selatan;Birayang Timur;;;;
Batang Alai Selatan;Birayang;;;;
Batang Alai Selatan;Limbar;;;;
Batang Alai Selatan;Mahela;;;;
Batang Alai Selatan;Birayang Surapati;;;;
Batang Alai Selatan;Wawai;;;;
Batang Alai Selatan;Wawai Gardu;;;;
Batang Alai Selatan;Anduhum;;;;
Batang Alai Selatan;Labuhan;;;;
Batang Alai Selatan;Rangas;;;;
Labuan Amas Selatan;Panggang Marak;;;;
Labuan Amas Selatan;Mundar;;;;
Labuan Amas Selatan;Tabudarat Hilir;;;;
Labuan Amas Selatan;Mahang Baru;;;;
Labuan Amas Selatan;Jamil;;;;
Labuan Amas Selatan;Tabudarat Hulu;;;;
Labuan Amas Selatan;Pantai Hambawang Barat;;;;
Labuan Amas Selatan;Pantai Hambawang Timur;;;;
Labuan Amas Selatan;Banua Kepayang;;;;
Labuan Amas Selatan;Sungai Jaranih;;;;
Labuan Amas Selatan;Batang Bahalang;;;;
Labuan Amas Selatan;Ta'al;;;;
Labuan Amas Selatan;Murung Ta'al;;;;
Labuan Amas Selatan;Sungai Rangas;;;;
Labuan Amas Selatan;Durian Gantang;;;;
Labuan Amas Selatan;Guha;;;;
Labuan Amas Selatan;Bangkal;;;;
Labuan Amas Selatan;Taras Padang;;;;
Labuan Amas Utara;Pahalatan;;;;
Labuan Amas Utara;Parumahan;;;;
Labuan Amas Utara;Kadundung;;;;
Labuan Amas Utara;Kasarangan;;;;
Labuan Amas Utara;Pemangkih Seberang;;;;
Labuan Amas Utara;Tabat;;;;
Labuan Amas Utara;Mantaas;;;;
Labuan Amas Utara;Rantau Bujur;;;;
Labuan Amas Utara;Binjai Pirua;;;;
Labuan Amas Utara;Binjai Pemangkih;;;;
Labuan Amas Utara;Tungkup;;;;
Labuan Amas Utara;Pemangkih;;;;
Labuan Amas Utara;Rantau Keminting;;;;
Labuan Amas Utara;Banua Kupang;;;;
Labuan Amas Utara;Sungai Buluh;;;;
Labuan Amas Utara;Samhurang;;;;
Sungai Tabuk;Sungai Lulut;;;;
Sungai Tabuk;Gudang Hirang;;;;
Sungai Tabuk;Pematang Panjang;;;;
Sungai Tabuk;Gudang Tengah;;;;
Sungai Tabuk;Abumbun Jaya;;;;
Sungai Tabuk;Sungai Tabuk Kota;;;;
Sungai Tabuk;Sungai Tabuk Keramat;;;;
Sungai Tabuk;Pemakuan;;;;
Sungai Tabuk;Sungai Pinang Lama;;;;
Sungai Tabuk;Lok Baintan;;;;
Sungai Tabuk;Sungai Bakung;;;;
Sungai Tabuk;Sungai Tandipah;;;;
Sungai Tabuk;Paku Alam;;;;
Sungai Tabuk;Lok Baintan Dalam;;;;
Sungai Tabuk;Sungai Pinang Baru;;;;
Sungai Tabuk;Pembantanan;;;;
Sungai Tabuk;Lok Buntar;;;;
Sungai Tabuk;Pejambuan;;;;
Sungai Tabuk;Sungai Bangkal;;;;
Sungai Tabuk;Keliling Benteng Ilir;;;;
Sungai Tabuk;Tajau Landung;;;;
Telaga Bauntung;Telaga Baru;;;;
Telaga Bauntung;Lok Tanah;;;;
Telaga Bauntung;Rantau Bujur;;;;
Telaga Bauntung;Rampah;;;;
Batang Alai Timur;Juhu;;;;
Batang Alai Timur;Hinas Kiri;;;;
Batang Alai Timur;Atiran;;;;
Batang Alai Timur;Muara Hungi;;;;
Batang Alai Timur;Pembakulan;;;;
Batang Alai Timur;Nateh;;;;
Batang Alai Timur;Batu Tangga;;;;
Batang Alai Timur;Tandilang;;;;
Batang Alai Timur;Batu Perahu;;;;
Batang Alai Timur;Aing Bantai;;;;
Batang Alai Timur;Datar Batung;;;;
Batang Alai Utara;Sumanggi;;;;
Batang Alai Utara;Ilung Pasar Lama;;;;
Batang Alai Utara;Dangu;;;;
Batang Alai Utara;Hapingin;;;;
Batang Alai Utara;Ilung;;;;
Batang Alai Utara;Ilung Tengah;;;;
Batang Alai Utara;Sumanggi Seberang;;;;
Batang Alai Utara;Awang Baru;;;;
Batang Alai Utara;Awang;;;;
Batang Alai Utara;Maringgit;;;;
Batang Alai Utara;Labunganak;;;;
Batang Alai Utara;Muara Rintis;;;;
Batang Alai Utara;Telang;;;;
Batang Alai Utara;Haur Gading;;;;
Lampihong;Teluk Karya;;;;
Lampihong;Matang Lurus;;;;
Lampihong;Pimping;;;;
Lampihong;Tanah Habang Kiri;;;;
Lampihong;Tanah Habang Kanan;;;;
Lampihong;Kandang Jaya;;;;
Lampihong;Jimamun;;;;
Lampihong;Panaitan;;;;
Lampihong;Tampang;;;;
Lampihong;Lok Panginangan;;;;
Lampihong;Lampihong Selatan;;;;
Lampihong;Sungai Tabuk;;;;
Lampihong;Lampihong Kanan;;;;
Lampihong;Batu Merah;;;;
Lampihong;Simpang Tiga;;;;
Lampihong;Hilir Pasar;;;;
Lampihong;Mundar;;;;
Lampihong;Matang Hanau;;;;
Lampihong;Lampihong Kiri;;;;
Lampihong;Sungai Awang;;;;
Lampihong;Pupuyuan;;;;
Lampihong;Lajar;;;;
Lampihong;Kupang;;;;
Lampihong;Lok Hamawang;;;;
Lampihong;Kusambi Hilir;;;;
Lampihong;Kusambi Hulu;;;;
Lampihong;Jungkal;;;;
Martapura Barat;Penggalaman;;;;
Martapura Barat;Sungai Batang;;;;
Martapura Barat;Teluk Selong Ulu;;;;
Martapura Barat;Teluk Selong;;;;
Martapura Barat;Tangkas;;;;
Martapura Barat;Sungai Batang Ilir;;;;
Martapura Barat;Sungai Rangas Ulu;;;;
Martapura Barat;Sungai Rangas Hambuku;;;;
Martapura Barat;Sungai Rangas Tengah;;;;
Martapura Barat;Sungai Rangas;;;;
Martapura Barat;Keliling Benteng Ulu;;;;
Martapura Barat;Keliling Benteng Tengah;;;;
Martapura Barat;Antasan Sutun;;;;
Panyipatan;Batakan;;;;
Panyipatan;Tanjung Dewa;;;;
Panyipatan;Kandangan Lama;;;;
Panyipatan;Batu Tungku;;;;
Panyipatan;Kuringkit;;;;
Panyipatan;Bumi Asih;;;;
Panyipatan;Batu Mulya;;;;
Panyipatan;Suka Ramah;;;;
Panyipatan;Panyipatan;;;;
Panyipatan;Kandangan Baru;;;;
Rantau Badauh;Sungai Pantai;;;;
Rantau Badauh;Pindahan Baru;;;;
Rantau Badauh;Danda Jaya;;;;
Rantau Badauh;Sungai Gampa Asahi;;;;
Rantau Badauh;Sungai Bamban;;;;
Rantau Badauh;Sungai Gampa;;;;
Rantau Badauh;Sungai Sahurai;;;;
Rantau Badauh;Simpang Arja;;;;
Rantau Badauh;Sinar Baru;;;;
Barabai;Pajukungan;;;;
Barabai;Bukat;;;;
Barabai;Barabai Barat;;;;
Barabai;Barabai Utara;;;;
Barabai;Barabai Selatan;;;;
Barabai;Barabai Darat;;;;
Barabai;Benawa Tengah;;;;
Barabai;Kayu Bawang;;;;
Barabai;Awang Besar;;;;
Barabai;Gambah;;;;
Barabai;Mandingin;;;;
Barabai;Barabai Timur;;;;
Barabai;Banua Binjai;;;;
Barabai;Banua Budi;;;;
Barabai;Babai;;;;
Barabai;Banua Jingah;;;;
Barabai;Bakapas;;;;
Barabai;Ayuang;;;;
Batu Mandi;Gunung Manau;;;;
Batu Mandi;Tariwin;;;;
Batu Mandi;Lok Batu;;;;
Batu Mandi;Bakung;;;;
Batu Mandi;Karuh;;;;
Batu Mandi;Munjung;;;;
Batu Mandi;Pelajau;;;;
Batu Mandi;Kasai;;;;
Batu Mandi;Hamparaya;;;;
Batu Mandi;Timbun Tulang;;;;
Batu Mandi;Teluk Mesjid;;;;
Batu Mandi;Batu Mandi;;;;
Batu Mandi;Bungur;;;;
Batu Mandi;Riwa;;;;
Batu Mandi;Guha;;;;
Batu Mandi;Mantimin;;;;
Batu Mandi;Banua Hanyar;;;;
Batu Mandi;Mampari;;;;
Pandawan;Masiraan;;;;
Pandawan;Jaranih;;;;
Pandawan;Banua Hanyar;;;;
Pandawan;Banua Asam;;;;
Pandawan;Matang Ginalon;;;;
Pandawan;Hulu Rasau;;;;
Pandawan;Banua Supanggal;;;;
Pandawan;Mahang Putat;;;;
Pandawan;Mahang Sungai Hanyar;;;;
Pandawan;Mahang Matang Landung;;;;
Pandawan;Buluan;;;;
Pandawan;Pandawan;;;;
Pandawan;Banua Batung;;;;
Pandawan;Jatuh;;;;
Pandawan;Hilir Banua;;;;
Pandawan;Kambat Selatan;;;;
Pandawan;Walatung;;;;
Pandawan;Kayu Rabah;;;;
Pandawan;Setiap;;;;
Pandawan;Kambat Utara;;;;
Pandawan;Palajau;;;;
Sambung Makmur;Madurejo;;;;
Sambung Makmur;Batu Tanam;;;;
Sambung Makmur;Gunung Batu;;;;
Sambung Makmur;Baliangin;;;;
Sambung Makmur;Batang Banyu;;;;
Sambung Makmur;Sungai Lurus;;;;
Sambung Makmur;Pasar Baru;;;;
Tamban;Sekata Baru;;;;
Tamban;Damsari;;;;
Tamban;Purwosari II;;;;
Tamban;Sidorejo;;;;
Tamban;Koanda;;;;
Tamban;Purwosari Baru;;;;
Tamban;Tamban Sari Baru;;;;
Tamban;Purwosari I;;;;
Tamban;Tamban Bangun;;;;
Tamban;Tamban Bangun Baru;;;;
Tamban;Tamban Muara Baru;;;;
Tamban;Tamban Muara;;;;
Tamban;Tamban Kecil;;;;
Tamban;Tinggiran II Luar;;;;
Tamban;Jelapat I;;;;
Tamban;Jelapat Baru;;;;
Tatah Makmur;Tatah Bangkal;;;;
Tatah Makmur;Bangkal Tengah;;;;
Tatah Makmur;Layap Baru;;;;
Tatah Makmur;Tampang Awang;;;;
Tatah Makmur;Pemangkih Darat;;;;
Tatah Makmur;Pemangkih Baru;;;;
Tatah Makmur;Jaruju Laut;;;;
Tatah Makmur;Tatah Jaruju;;;;
Tatah Makmur;Pemangkih Tengah;;;;
Tatah Makmur;Thaibah Raya;;;;
Tatah Makmur;Tatah Layap;;;;
Tatah Makmur;Mekar Sari;;;;
Tatah Makmur;Pandan Sari;;;;
Awayan;Nungka;;;;
Awayan;Tundakan;;;;
Awayan;Ambakiyang;;;;
Awayan;Piyait;;;;
Awayan;Baramban;;;;
Awayan;Bihara;;;;
Awayan;Bihara Hilir;;;;
Awayan;Muara Jaya;;;;
Awayan;Pematang;;;;
Awayan;Sungai Pumpung;;;;
Awayan;Merah;;;;
Awayan;Kedondong;;;;
Awayan;Pulantan;;;;
Awayan;Putat Basiun;;;;
Awayan;Awayan;;;;
Awayan;Awayan Hilir;;;;
Awayan;Badalungga Hilir;;;;
Awayan;Badalungga;;;;
Awayan;Sikontan;;;;
Awayan;Tundi;;;;
Awayan;Pudak;;;;
Awayan;Baru;;;;
Awayan;Tangalin;;;;
Halong;Binuang Santang;;;;
Halong;Marajai;;;;
Halong;Mauya;;;;
Halong;Mantuyan;;;;
Halong;Tabuan;;;;
Halong;Buntu Pilanduk;;;;
Halong;Uren;;;;
Halong;Mamantang;;;;
Halong;Kapul;;;;
Halong;Halong;;;;
Halong;Binjai Punggal;;;;
Halong;Baruh Panyambaran;;;;
Halong;Binju;;;;
Halong;Bangkal;;;;
Halong;Suryatama;;;;
Halong;Ha Uwai;;;;
Halong;Karya;;;;
Halong;Puyun;;;;
Halong;Gunung Riut;;;;
Halong;Liyu;;;;
Halong;Aniungan;;;;
Halong;Mamigang;;;;
Halong;Padang Raya;;;;
Halong;Sumber Agung;;;;
Mandastana;Lok Rawa;;;;
Mandastana;Terantang;;;;
Mandastana;Sungai Ramania;;;;
Mandastana;Puntik Luar;;;;
Mandastana;Puntik Tengah;;;;
Mandastana;Puntik Dalam;;;;
Mandastana;Karang Indah;;;;
Mandastana;Karang Bunga;;;;
Mandastana;Tabing Rimbah;;;;
Mandastana;Bangkit Baru;;;;
Mandastana;Tanipah;;;;
Mandastana;Tatah Alayung;;;;
Mandastana;Antasan Segara;;;;
Mandastana;Pantai Hambawang;;;;
Paringin;Lamida Bawah;;;;
Paringin;Lok Batung;;;;
Paringin;Babayau;;;;
Paringin;Paran;;;;
Paringin;Mangkayahu;;;;
Paringin;Balang;;;;
Paringin;Murung Ilung;;;;
Paringin;Hujan Mas;;;;
Paringin;Kalahiang;;;;
Paringin;Layap;;;;
Paringin;Paringin Kota;;;;
Paringin;Paringin Timur;;;;
Paringin;Balida;;;;
Paringin;Lasung Batu;;;;
Paringin;Sungai Ketapi;;;;
Paringin;Dahai;;;;
Paringin Selatan;Murung Jambu;;;;
Paringin Selatan;Halubau;;;;
Paringin Selatan;Panggung;;;;
Paringin Selatan;Inan;;;;
Paringin Selatan;Murung Abuin;;;;
Paringin Selatan;Baruh Bahinu Dalam;;;;
Paringin Selatan;Binjai;;;;
Paringin Selatan;Telaga Purun;;;;
Paringin Selatan;Galumbang;;;;
Paringin Selatan;Maradap;;;;
Paringin Selatan;Baruh Bahinu Luar;;;;
Paringin Selatan;Bungin;;;;
Paringin Selatan;Lingsir;;;;
Paringin Selatan;Halubau Utara;;;;
Paringin Selatan;Tarangan;;;;
Paringin Selatan;Batu Piring;;;;
Wanaraya;Tumih;;;;
Wanaraya;Roham Raya;;;;
Wanaraya;Belawang Kolam Kiri;;;;
Wanaraya;Babat Raya;;;;
Wanaraya;Belawang Kolam Kanan;;;;
Wanaraya;Sido Mulyo;;;;
Wanaraya;Kolam Makmur;;;;
Wanaraya;Simpang Jaya;;;;
Wanaraya;Waringin Kencana;;;;
Wanaraya;Pinang Habang;;;;
Wanaraya;Surya Kanta;;;;
Wanaraya;Sumber Rahayu;;;;
Wanaraya;Dwi Pasari;;;;
Astambul;Pingaran Ilir;;;;
Astambul;Pingaran Ulu;;;;
Astambul;Banua Anyar Danau Salak;;;;
Astambul;Astambul Seberang;;;;
Astambul;Astambul Kota;;;;
Astambul;Jati Baru;;;;
Astambul;Danau Salak;;;;
Astambul;Pasar Jati;;;;
Astambul;Sungai Alat;;;;
Astambul;Sungai Tuan Ulu;;;;
Astambul;Sungai Tuan Ilir;;;;
Astambul;Banua Anyar Sungai Tuan;;;;
Astambul;Tambangan;;;;
Astambul;Kelampaian Ilir;;;;
Astambul;Munggu Raya;;;;
Astambul;Kelampaian Tengah;;;;
Astambul;Kelampaian Ulu;;;;
Astambul;Limamar;;;;
Astambul;Lok Gabang;;;;
Astambul;Kaliukan;;;;
Astambul;Tambak Danau;;;;
Astambul;Pematang Hambawang;;;;
Batu Benawa;Murung A.;;;;
Batu Benawa;Pagat;;;;
Batu Benawa;Haliau;;;;
Batu Benawa;Baru;;;;
Batu Benawa;Aluan Mati;;;;
Batu Benawa;Aluan Sumur;;;;
Batu Benawa;Kalibaru;;;;
Batu Benawa;Layuh;;;;
Batu Benawa;Kahakan;;;;
Batu Benawa;Bakti;;;;
Batu Benawa;Aluan Besar;;;;
Batu Benawa;Paya Besar;;;;
Batu Benawa;Pantai Batung;;;;
Batu Benawa;Aluan;;;;
Beruntung Baru;Pindahan Baru;;;;
Beruntung Baru;Haur Kuning;;;;
Beruntung Baru;Salat Makmur;;;;
Beruntung Baru;Kampung Baru;;;;
Beruntung Baru;Tambak Padi;;;;
Beruntung Baru;Lawahan;;;;
Beruntung Baru;Babirik;;;;
Beruntung Baru;Jambu Raya;;;;
Beruntung Baru;Handil Purai;;;;
Beruntung Baru;Muara Halayung;;;;
Beruntung Baru;Jambu Burung;;;;
Beruntung Baru;Rumpiang;;;;
Juai;Pamurus;;;;
Juai;Gulinggang;;;;
Juai;Sungai Batung;;;;
Juai;Tawahan;;;;
Juai;Tigarun;;;;
Juai;Panimbaan;;;;
Juai;Galumbang;;;;
Juai;Juai;;;;
Juai;Teluk Bayur;;;;
Juai;Mungkur Uyam;;;;
Juai;Sirap;;;;
Juai;Hamarung;;;;
Juai;Hukai;;;;
Juai;Muara Ninian;;;;
Juai;Marias;;;;
Juai;Buntu Karau;;;;
Juai;Wonorejo;;;;
Juai;Sumber Rejeki;;;;
Juai;Bata;;;;
Juai;Mihu;;;;
Juai;Lalayau;;;;
Marabahan;Bagus;;;;
Marabahan;Baliuk;;;;
Marabahan;Penghulu;;;;
Marabahan;Antar Baru;;;;
Marabahan;Antar Raya;;;;
Marabahan;Antar Jaya;;;;
Marabahan;Sido Makmur;;;;
Marabahan;Karya Maju;;;;
Marabahan;Marabahan Kota;;;;
Marabahan;Ulu Benteng;;;;
Tabukan;Pantang Baru;;;;
Tabukan;Pantang Raya;;;;
Tabukan;Bandar Karya;;;;
Tabukan;Tabukan Raya;;;;
Tabukan;Karya Indah;;;;
Tabukan;Karya Jadi;;;;
Tabukan;Karya Makmur;;;;
Tabukan;Teluk Tamba;;;;
Tabukan;Tamba Jaya;;;;
Tabukan;Rantau Bamban;;;;
Tabukan;Muara Pulau;;;;
Barambai;Handil Barabai;;;;
Barambai;Sungai Kali;;;;
Barambai;Bagagap;;;;
Barambai;Barambai;;;;
Barambai;Karya Baru;;;;
Barambai;Karya Tani;;;;
Barambai;Barambai Kolam Kiri;;;;
Barambai;Barambai Kolam Kanan;;;;
Barambai;Pendalaman;;;;
Barambai;Pendalaman Baru;;;;
Barambai;Kolam Kiri Dalam;;;;
Belawang;Rangga Surya;;;;
Belawang;Karang Buah;;;;
Belawang;Karang Dukuh;;;;
Belawang;Samuda;;;;
Belawang;Murung Keramat;;;;
Belawang;Sungai Seluang Pasar;;;;
Belawang;Sungai Seluang;;;;
Belawang;Binaan Baru;;;;
Belawang;Belawang;;;;
Belawang;Parimata;;;;
Belawang;Patih Salera;;;;
Belawang;Bambangin;;;;
Belawang;Sukaramai;;;;
Haruyan;Pengambau Hilir Luar;;;;
Haruyan;Pengambau Hilir Dalam;;;;
Haruyan;Tabat Padang;;;;
Haruyan;Lok Buntar;;;;
Haruyan;Pengambau Hulu;;;;
Haruyan;Sungai Harang;;;;
Haruyan;Batu Panggung;;;;
Haruyan;Hapulang;;;;
Haruyan;Mangunang;;;;
Haruyan;Mangunang Seberang;;;;
Haruyan;Haruyan Seberang;;;;
Haruyan;Haruyan;;;;
Haruyan;Andang;;;;
Haruyan;Teluk Mesjid;;;;
Haruyan;Barikin;;;;
Haruyan;Panggung;;;;
Haruyan;Pandanu;;;;
Muara Uya;Ribang;;;;
Muara Uya;Kupang Nunding;;;;
Muara Uya;Mangkupum;;;;
Muara Uya;Kampung Baru;;;;
Muara Uya;Palapi;;;;
Muara Uya;Pasar Batu;;;;
Muara Uya;Simpung Layung;;;;
Muara Uya;Uwie;;;;
Muara Uya;Muara Uya;;;;
Muara Uya;Lumbang;;;;
Muara Uya;Santuun;;;;
Muara Uya;Binjai;;;;
Muara Uya;Salikung;;;;
Muara Uya;Sungai Kumap;;;;
Murung Pudak;Sulingan;;;;
Murung Pudak;Pembataan;;;;
Murung Pudak;Mabuun;;;;
Murung Pudak;Maburai;;;;
Murung Pudak;Belimbing Raya;;;;
Murung Pudak;Belimbing;;;;
Murung Pudak;Kapar;;;;
Murung Pudak;Masukau;;;;
Murung Pudak;Kasiau;;;;
Murung Pudak;Kasiau Raya;;;;
Tebing Tinggi;Ju'uh;;;;
Tebing Tinggi;Sungsum;;;;
Tebing Tinggi;Auh;;;;
Tebing Tinggi;Dayak Pitap;;;;
Tebing Tinggi;Langkap;;;;
Tebing Tinggi;Mayanau;;;;
Tebing Tinggi;Simpang Bumbuan;;;;
Tebing Tinggi;Simpang Nadong;;;;
Tebing Tinggi;Gunung Batu;;;;
Tebing Tinggi;Tebing Tinggi;;;;
Tebing Tinggi;Ajung;;;;
Tebing Tinggi;Kambiyain;;;;
Cerbon;Sungai Rasau;;;;
Cerbon;Sungai Tunjang;;;;
Cerbon;Simpang Nungki;;;;
Cerbon;Sawahan;;;;
Cerbon;Bantuil;;;;
Cerbon;Badandan;;;;
Cerbon;Sungai Raya;;;;
Cerbon;Sungai Kambat;;;;
Haruai;Lok Batu;;;;
Haruai;Kembang Kuning;;;;
Haruai;Seradang;;;;
Haruai;Halong;;;;
Haruai;Suput;;;;
Haruai;Catur Karya;;;;
Haruai;Mahe Pasar;;;;
Haruai;Suriyan;;;;
Haruai;Hayup;;;;
Haruai;Bongkang;;;;
Haruai;Wirang;;;;
Haruai;Nawin;;;;
Haruai;Marindi;;;;
Limpasu;Limpasu;;;;
Limpasu;Kabang;;;;
Limpasu;Tapuk;;;;
Limpasu;Pauh;;;;
Limpasu;Hawang;;;;
Limpasu;Karatungan;;;;
Limpasu;Abung;;;;
Limpasu;Abung Surapati;;;;
Limpasu;Karau;;;;
Mekarsari;Tamban Raya;;;;
Mekarsari;Tamban Raya Baru;;;;
Mekarsari;Karang Mekar;;;;
Mekarsari;Indah Sari;;;;
Mekarsari;Mekar Sari;;;;
Mekarsari;Tinggiran Darat;;;;
Mekarsari;Jelapat II;;;;
Mekarsari;Tinggiran Tengah;;;;
Mekarsari;Tinggiran Baru;;;;
Pugaan;Pampanan;;;;
Pugaan;Tamunti;;;;
Pugaan;Pugaan;;;;
Pugaan;Halangan;;;;
Pugaan;Sungai Rukam I;;;;
Pugaan;Sungai Rukam II;;;;
Pugaan;Jirak;;;;
Tanjung;Banyu Tajun;;;;
Tanjung;Sungai Pimping;;;;
Tanjung;Pamarangan Kiwa;;;;
Tanjung;Puain Kiwa;;;;
Tanjung;Jangkung;;;;
Tanjung;Tanjung;;;;
Tanjung;Agung;;;;
Tanjung;Kambitin;;;;
Tanjung;Hikun;;;;
Tanjung;Kambitin Raya;;;;
Tanjung;Wayau;;;;
Tanjung;Juai;;;;
Tanjung;Garunggung;;;;
Tanjung;Kitang;;;;
Tanjung;Mahe Seberang;;;;
Bakumpai;Batik;;;;
Bakumpai;Bahalayung;;;;
Bakumpai;Banua Anyar;;;;
Bakumpai;Murung Raya;;;;
Bakumpai;Sungai Lirik;;;;
Bakumpai;Banitan;;;;
Bakumpai;Palingkau;;;;
Bakumpai;Balukung;;;;
Bakumpai;Lepasan;;;;
Banua Lawas;Hapalah;;;;
Banua Lawas;Batang Banyu;;;;
Banua Lawas;Sungai Durian;;;;
Banua Lawas;Pematang;;;;
Banua Lawas;Hariang;;;;
Banua Lawas;Bungin;;;;
Banua Lawas;Bangkiling;;;;
Banua Lawas;Bangkiling Raya;;;;
Banua Lawas;Banua Lawas;;;;
Banua Lawas;Habau;;;;
Banua Lawas;Banua Rantau;;;;
Banua Lawas;Habau Hulu;;;;
Banua Lawas;Purai;;;;
Banua Lawas;Talan;;;;
Banua Lawas;Sungai Anyar;;;;
Cintapuri Darussalam;Keramat Mina;;;;
Cintapuri Darussalam;Cintapuri;;;;
Cintapuri Darussalam;Surian Hanyar;;;;
Cintapuri Darussalam;Simpang Lima;;;;
Cintapuri Darussalam;Sindang Jaya;;;;
Cintapuri Darussalam;Karya Makmur;;;;
Cintapuri Darussalam;Makmur Karya;;;;
Cintapuri Darussalam;Alalak Padang;;;;
Cintapuri Darussalam;Benua Anyar;;;;
Cintapuri Darussalam;Garis Hanyar;;;;
Cintapuri Darussalam;Sumber Sari;;;;
Kuripan;Jambu Baru;;;;
Kuripan;Jambu;;;;
Kuripan;Kabuau;;;;
Kuripan;Asia Baru;;;;
Kuripan;Jarenang;;;;
Kuripan;Kuripan;;;;
Kuripan;Rimbun Tulang;;;;
Kuripan;Tabatan;;;;
Kuripan;Tabatan Baru;;;;
Pelaihari;Sungai Riam;;;;
Pelaihari;Kampung Baru;;;;
Pelaihari;Sumber Mulia;;;;
Pelaihari;Tampang;;;;
Pelaihari;Sarang Halang;;;;
Pelaihari;Bumi Jaya;;;;
Pelaihari;Atu-Atu;;;;
Pelaihari;Angsau;;;;
Pelaihari;Pelaihari;;;;
Pelaihari;Karang Taruna;;;;
Pelaihari;Telaga;;;;
Pelaihari;Guntung Besar;;;;
Pelaihari;Panjaratan;;;;
Pelaihari;Tungkaran;;;;
Pelaihari;Panggung;;;;
Pelaihari;Pabahanan;;;;
Pelaihari;Ambungan;;;;
Pelaihari;Panggung Baru;;;;
Pelaihari;Ujung Batu;;;;
Pelaihari;Pemuda;;;;
Tanta;Walangkir;;;;
Tanta;Pulau Ku'u;;;;
Tanta;Tamiyang;;;;
Tanta;Warukin;;;;
Tanta;Padang Panjang;;;;
Tanta;Barimbun;;;;
Tanta;Padangin;;;;
Tanta;Luk Bayur;;;;
Tanta;Mangkusip;;;;
Tanta;Tanta;;;;
Tanta;Tanta Hulu;;;;
Tanta;Puain Kanan;;;;
Tanta;Pamarangan Kanan;;;;
Tanta;Murung Baru;;;;
Aluh-Aluh;Sungai Musang;;;;
Aluh-Aluh;Bakambat;;;;
Aluh-Aluh;Labat Muara;;;;
Aluh-Aluh;Tanipah;;;;
Aluh-Aluh;Pemurus;;;;
Aluh-Aluh;Bunipah;;;;
Aluh-Aluh;Simpang Warga Dalam;;;;
Aluh-Aluh;Pulantan;;;;
Aluh-Aluh;Aluh Aluh Besar;;;;
Aluh-Aluh;Simpang Warga;;;;
Aluh-Aluh;Balimau;;;;
Aluh-Aluh;Aluh Aluh Kecil;;;;
Aluh-Aluh;Aluh Aluh Kecil Muara;;;;
Aluh-Aluh;Podok;;;;
Aluh-Aluh;Terapu;;;;
Aluh-Aluh;Kuin Besar;;;;
Aluh-Aluh;Handil Bujur;;;;
Aluh-Aluh;Handil Baru;;;;
Aluh-Aluh;Kuin Kecil;;;;
Bintang Ara;Waling;;;;
Bintang Ara;Usih;;;;
Bintang Ara;Bintang Ara;;;;
Bintang Ara;Argo Mulyo;;;;
Bintang Ara;Burum;;;;
Bintang Ara;Panaan;;;;
Bintang Ara;Hegarmanah;;;;
Bintang Ara;Dambung Raya;;;;
Bintang Ara;Bumi Makmur;;;;
Jaro;Namun;;;;
Jaro;Muang;;;;
Jaro;Teratau;;;;
Jaro;Purui;;;;
Jaro;Nalui;;;;
Jaro;Jaro;;;;
Jaro;Garagata;;;;
Jaro;Solan;;;;
Jaro;Lano;;;;
Jejangkit;Cahaya Baru;;;;
Jejangkit;Sampurna;;;;
Jejangkit;Bahandang;;;;
Jejangkit;Jejangkit Muara;;;;
Jejangkit;Jejangkit Pasar;;;;
Jejangkit;Jejangkit Barat;;;;
Jejangkit;Jejangkit Timur;;;;
Kertak Hanyar;Tatah Pemangkih Laut;;;;
Kertak Hanyar;Belayung Baru;;;;
Kertak Hanyar;Pasar Kamis;;;;
Kertak Hanyar;Banua Hanyar;;;;
Kertak Hanyar;Mekar Raya;;;;
Kertak Hanyar;Sungai Lakum;;;;
Kertak Hanyar;Mandarsari;;;;
Kertak Hanyar;Manarap Baru;;;;
Kertak Hanyar;Manarap Tengah;;;;
Kertak Hanyar;Manarap Lama;;;;
Kertak Hanyar;Simpang Empat;;;;
Kertak Hanyar;Kertak Hanyar II;;;;
Kertak Hanyar;Kertak Hanyar I;;;;
Pulau Laut Tanjung Selayar;Tanjung Kunyit;;;;
Pulau Laut Tanjung Selayar;Tanjung Tengah;;;;
Pulau Laut Tanjung Selayar;Teluk Tamiang;;;;
Pulau Laut Tanjung Selayar;Gosong Panjang;;;;
Pulau Laut Tanjung Selayar;Kampung Baru;;;;
Pulau Laut Tanjung Selayar;Tanjung Sungkai;;;;
Pulau Laut Tanjung Selayar;Tanjung Pelayar;;;;
Pulau Laut Tanjung Selayar;Banda Raya;;;;
Pulau Laut Tanjung Selayar;Tata Mekar;;;;
Pulau Laut Tanjung Selayar;Bangun Rejo;;;;
Sungai Pinang;Hakim Makmur;;;;
Sungai Pinang;Kahelaan;;;;
Sungai Pinang;Sumber Baru;;;;
Sungai Pinang;Sumber Harapan;;;;
Sungai Pinang;Kupang Rejo;;;;
Sungai Pinang;Sungai Pinang;;;;
Sungai Pinang;Pakutik;;;;
Sungai Pinang;Rantau Nangka;;;;
Sungai Pinang;Rantau Bakula;;;;
Sungai Pinang;Belimbing Lama;;;;
Sungai Pinang;Belimbing Baru;;;;
Candi Laras Utara;Kaladan;;;;
Candi Laras Utara;Sungai Salai Hilir;;;;
Candi Laras Utara;Sungai Salai;;;;
Candi Laras Utara;Sungai Puting;;;;
Candi Laras Utara;Pariok;;;;
Candi Laras Utara;Margasari Hilir;;;;
Candi Laras Utara;Batalas;;;;
Candi Laras Utara;Teluk Haur;;;;
Candi Laras Utara;Rawana;;;;
Candi Laras Utara;Rawana Hulu;;;;
Candi Laras Utara;Buas Buas Hilir;;;;
Candi Laras Utara;Buas Buas;;;;
Candi Laras Utara;Sawaja;;;;
Kelua;Pulau;;;;
Kelua;Ampukung;;;;
Kelua;Telaga Itar;;;;
Kelua;Sungai Buluh;;;;
Kelua;Binturu;;;;
Kelua;Pudak Setegal;;;;
Kelua;Pasar Panas;;;;
Kelua;Masintan;;;;
Kelua;Takulat;;;;
Kelua;Paliat;;;;
Kelua;Karangan Putih;;;;
Kelua;Bahungin;;;;
Mataraman;Baru;;;;
Mataraman;Gunung Ulin;;;;
Mataraman;Sungai Jati;;;;
Mataraman;Takuti;;;;
Mataraman;Tanah Abang;;;;
Mataraman;Bawahan Pasar;;;;
Mataraman;Surian;;;;
Mataraman;Pematang Danau;;;;
Mataraman;Pasiraman;;;;
Mataraman;Bawahan Selan;;;;
Mataraman;Bawahan Seberang;;;;
Mataraman;Mangkalawat;;;;
Mataraman;Mataraman;;;;
Mataraman;Simpang Tiga;;;;
Mataraman;Lok Tamu;;;;
Muara Harus;Madang;;;;
Muara Harus;Padangin;;;;
Muara Harus;Harus;;;;
Muara Harus;Tantaringin;;;;
Muara Harus;Manduin;;;;
Muara Harus;Mantuil;;;;
Muara Harus;Murung Karangan;;;;
Pengaron;Maniapun;;;;
Pengaron;Lobang Baru;;;;
Pengaron;Lok Tunggul;;;;
Pengaron;Kertak Empat;;;;
Pengaron;Pengarom;;;;
Pengaron;Benteng;;;;
Pengaron;Lumpangi;;;;
Pengaron;Ati`lm;;;;
Pengaron;Alimukim;;;;
Pengaron;Antaraku;;;;
Pengaron;Panyiuran;;;;
Pengaron;Mangkauk;;;;
Pulau Laut Selatan;Teluk Sirih;;;;
Pulau Laut Selatan;Sungai Bulan;;;;
Pulau Laut Selatan;Sungai Bahim;;;;
Pulau Laut Selatan;Alle Alle;;;;
Pulau Laut Selatan;Tanjung Seloka;;;;
Pulau Laut Selatan;Tanjung Serudung;;;;
Pulau Laut Selatan;Labuan Mas;;;;
Pulau Laut Selatan;Tanjung Seloka Utara;;;;
Tapin Tengah;Sukaramai;;;;
Tapin Tengah;Pandulangan;;;;
Tapin Tengah;Labung;;;;
Tapin Tengah;Tirik;;;;
Tapin Tengah;Mandurian;;;;
Tapin Tengah;Mandurian Hilir;;;;
Tapin Tengah;Pamatang Karangan Hulu;;;;
Tapin Tengah;Andhika;;;;
Tapin Tengah;Sungai Bahalang;;;;
Tapin Tengah;Pamatang Karangan;;;;
Tapin Tengah;Papagan Makmur;;;;
Tapin Tengah;Serawi;;;;
Tapin Tengah;Batang Lantik;;;;
Tapin Tengah;Kepayang;;;;
Tapin Tengah;Pandahan;;;;
Tapin Tengah;Pematang Karangan Hilir;;;;
Tapin Tengah;Hiyung;;;;
Batu Ampar;Tajau Pecah;;;;
Batu Ampar;Jilatan;;;;
Batu Ampar;Jilatan Alur;;;;
Batu Ampar;Ambawang;;;;
Batu Ampar;Durian Bungkuk;;;;
Batu Ampar;Tajau Mulia;;;;
Batu Ampar;Gunung Mas;;;;
Batu Ampar;Batu Ampar;;;;
Batu Ampar;Damar Lima;;;;
Batu Ampar;Damit;;;;
Batu Ampar;Damit Hulu;;;;
Batu Ampar;Pantai Linuh;;;;
Batu Ampar;Bluru;;;;
Batu Ampar;Gunung Melati;;;;
Candi Laras Selatan;Sungai Rutas;;;;
Candi Laras Selatan;Sungai Rutas Hulu;;;;
Candi Laras Selatan;Pabaungan Hulu;;;;
Candi Laras Selatan;Pabaungan Pantai;;;;
Candi Laras Selatan;Pabaungan Hilir;;;;
Candi Laras Selatan;Marampiau;;;;
Candi Laras Selatan;Marampiau Hilir;;;;
Candi Laras Selatan;Baringin A;;;;
Candi Laras Selatan;Baringin B;;;;
Candi Laras Selatan;Margasari Hulu;;;;
Candi Laras Selatan;Candi Laras;;;;
Candi Laras Selatan;Baulin;;;;
Kelumpang Hulu;Mangkirana;;;;
Kelumpang Hulu;Cantung Kiri Hilir;;;;
Kelumpang Hulu;Banua Lawas;;;;
Kelumpang Hulu;Sidomulyo;;;;
Kelumpang Hulu;Karang Payau;;;;
Kelumpang Hulu;Sungai Kupang;;;;
Kelumpang Hulu;Bangkalan Melayu;;;;
Kelumpang Hulu;Karang Liwar;;;;
Kelumpang Hulu;Bangkalan Dayak;;;;
Kelumpang Hulu;Laburan;;;;
Kintap;Pandan Sari;;;;
Kintap;Salaman;;;;
Kintap;Kintapura;;;;
Kintap;Pasir Putih;;;;
Kintap;Kintap Kecil;;;;
Kintap;Kintap;;;;
Kintap;Muara Kintap;;;;
Kintap;Bukit Mulia;;;;
Kintap;Sumber Jaya;;;;
Kintap;Kebun Raya;;;;
Kintap;Mekar Sari;;;;
Kintap;Sebamban Baru;;;;
Kintap;Sungai Cuka;;;;
Kintap;Riam Adungan;;;;
Simpang Empat;Tanah Intan;;;;
Simpang Empat;Sungai Tabuk;;;;
Simpang Empat;Lok Cantung;;;;
Simpang Empat;Cabi;;;;
Simpang Empat;Simpang Empat;;;;
Simpang Empat;Sungai Raya;;;;
Simpang Empat;Lawiran;;;;
Simpang Empat;Sungai Langsat;;;;
Simpang Empat;Paring Tali;;;;
Simpang Empat;Batu Balian;;;;
Simpang Empat;Sungkai;;;;
Simpang Empat;Pasar Lama;;;;
Simpang Empat;Sungkai Baru;;;;
Simpang Empat;Berkat Mulya;;;;
Simpang Empat;Paku;;;;
Tapin Selatan;Tatakan;;;;
Tapin Selatan;Suato Tatakan;;;;
Tapin Selatan;Tandui;;;;
Tapin Selatan;Lawahan;;;;
Tapin Selatan;Rumintin;;;;
Tapin Selatan;Sawang;;;;
Tapin Selatan;Cempaka;;;;
Tapin Selatan;Timbaan;;;;
Tapin Selatan;Harapan Masa;;;;
Tapin Selatan;Hatiwin;;;;
Tapin Selatan;Tambarangan;;;;
Upau;Masingai II;;;;
Upau;Masingai I;;;;
Upau;Bilas;;;;
Upau;Kaong;;;;
Upau;Pangelak;;;;
Upau;Kinarum;;;;
Aranio;Belangian;;;;
Aranio;Pa'au;;;;
Aranio;Kalaan;;;;
Aranio;Tiwingan Baru;;;;
Aranio;Aranio;;;;
Aranio;Tiwingan Lama;;;;
Aranio;Benua Riam;;;;
Aranio;Artain;;;;
Aranio;Bunglai;;;;
Aranio;Apuai;;;;
Aranio;Rantau Bujur;;;;
Aranio;Rantau Balai;;;;
Binuang;Tungkap;;;;
Binuang;A Yani Pura;;;;
Binuang;Gunung Batu;;;;
Binuang;Padang Sari;;;;
Binuang;Pualam Sari;;;;
Binuang;Pulau Pinang;;;;
Binuang;Pulau Pinang Utara;;;;
Binuang;Mekar Sari;;;;
Binuang;Binuang;;;;
Binuang;Raya Belanti;;;;
Binuang;Karangan Putih;;;;
Bungur;Kalumpang;;;;
Bungur;Banua Padang;;;;
Bungur;Bungur;;;;
Bungur;Banua Padang Hilir;;;;
Bungur;Shabah;;;;
Bungur;Hangui;;;;
Bungur;Rantau Bujur;;;;
Bungur;Purut;;;;
Bungur;Bungur Baru;;;;
Bungur;Timbung;;;;
Bungur;Paring Guling;;;;
Bungur;Linuh;;;;
Gambut;Sungai Kupang;;;;
Gambut;Keladan Baru;;;;
Gambut;Guntung Ujung;;;;
Gambut;Guntung Papuyu;;;;
Gambut;Makmur;;;;
Gambut;Tambak Sirang Darat;;;;
Gambut;Tambak Sirang Baru;;;;
Gambut;Tambak Sirang Laut;;;;
Gambut;Malintang;;;;
Gambut;Malintang Baru;;;;
Gambut;Kayu Bawang;;;;
Gambut;Gambut;;;;
Gambut;Banyu Hirang;;;;
Gambut;Gambut Barat;;;;
Jorong;Sabuhur;;;;
Jorong;Swarangan;;;;
Jorong;Alur;;;;
Jorong;Jorong;;;;
Jorong;Karang Rejo;;;;
Jorong;Muara Asam-Asam;;;;
Jorong;Asam Jaya;;;;
Jorong;Asri Mulya;;;;
Jorong;Asam-Asam;;;;
Jorong;Batalang;;;;
Jorong;Simpang Empat Sungai Baru;;;;
Salam Babaris;Kambang Habang Baru;;;;
Salam Babaris;Kambang Habang Lama;;;;
Salam Babaris;Suato Lama;;;;
Salam Babaris;Pantai cabe;;;;
Salam Babaris;Suato Baru;;;;
Salam Babaris;Salam Babaris;;;;
Takisung;Kuala Tambangan;;;;
Takisung;Telaga Langsat;;;;
Takisung;Takisung;;;;
Takisung;Gunung Makmur;;;;
Takisung;Sumber Makmur;;;;
Takisung;Benua Tengah;;;;
Takisung;Benua Lawas;;;;
Takisung;Ranggang;;;;
Takisung;Batilai;;;;
Takisung;Ranggang Dalam;;;;
Takisung;Pagatan Besar;;;;
Takisung;Tabanio;;;;
Bakarangan;Parigi Kecil;;;;
Bakarangan;Parigi;;;;
Bakarangan;Bakarangan;;;;
Bakarangan;Paul;;;;
Bakarangan;Waringin;;;;
Bakarangan;Tangkawang Baru;;;;
Bakarangan;Tangkawang;;;;
Bakarangan;Gadung Karamat;;;;
Bakarangan;Ketapang;;;;
Bakarangan;Bundung;;;;
Bakarangan;Gadung;;;;
Bakarangan;Masta;;;;
Bumi Makmur;Pantai Harapan;;;;
Bumi Makmur;Sungai Rasau;;;;
Bumi Makmur;Handil Maluka;;;;
Bumi Makmur;Handil Labuan Amas;;;;
Bumi Makmur;Handil Suruk;;;;
Bumi Makmur;Handil Gayam;;;;
Bumi Makmur;Kurau Utara;;;;
Bumi Makmur;Bumi Harapan;;;;
Bumi Makmur;Handil Babirik;;;;
Bumi Makmur;Handil Birayang Bawah;;;;
Bumi Makmur;Handil Birayang Atas;;;;
Hatungun;Matang Batas;;;;
Hatungun;Burakai;;;;
Hatungun;Hatungun;;;;
Hatungun;Tarungin;;;;
Hatungun;Bagak;;;;
Hatungun;Asam Randah;;;;
Hatungun;Batu Hapu;;;;
Hatungun;Kambang Kuning;;;;
Kurau;Sungai Bakau;;;;
Kurau;Raden;;;;
Kurau;Maluka Baulin;;;;
Kurau;Bawah Layung;;;;
Kurau;Tambak Karya;;;;
Kurau;Padang Luas;;;;
Kurau;Tambak Sarinah;;;;
Kurau;Sarikandi;;;;
Kurau;Handil Negara;;;;
Kurau;Kali Besar;;;;
Kurau;Kurau;;;;
Lokpaikat;Binderang;;;;
Lokpaikat;Parandakan;;;;
Lokpaikat;Lokpaikat;;;;
Lokpaikat;Bataratat;;;;
Lokpaikat;Bitahan Baru;;;;
Lokpaikat;Puncak Harapan;;;;
Lokpaikat;Budi Mulya;;;;
Lokpaikat;Ayunan Papan;;;;
Lokpaikat;Bitahan;;;;
Piani;Baramban;;;;
Piani;Miawa;;;;
Piani;Buni'in Jaya;;;;
Piani;Batu Ampar;;;;
Piani;Pipitak Jaya;;;;
Piani;Harakit;;;;
Piani;Batung;;;;
Piani;Balawaian;;;;
Tambang Ulang;Bingkulu;;;;
Tambang Ulang;Kayu Abang;;;;
Tambang Ulang;Gunung Raja;;;;
Tambang Ulang;Pulau Sari;;;;
Tambang Ulang;Tambang Ulang;;;;
Tambang Ulang;Sungai Jelai;;;;
Tambang Ulang;Sungai Pinang;;;;
Tambang Ulang;Martadah;;;;
Tambang Ulang;Martadah Baru;;;;
Bajuin;Tirta Jaya;;;;
Bajuin;Galam;;;;
Bajuin;Pemalongan;;;;
Bajuin;Ketapang;;;;
Bajuin;Kunyit;;;;
Bajuin;Bajuin;;;;
Bajuin;Sungai Bakar;;;;
Bajuin;Tanjung;;;;
Bajuin;Tebing Siring;;;;
Kelumpang Barat;Batang Kulur;;;;
Kelumpang Barat;Bungkukan;;;;
Kelumpang Barat;Siayuh;;;;
Kelumpang Barat;Tanjung Sari;;;;
Kelumpang Barat;Magalau Hilir;;;;
Kelumpang Barat;Magalau Hulu;;;;
Kelumpang Hilir;Tarjun;;;;
Kelumpang Hilir;Mandala;;;;
Kelumpang Hilir;Langadai;;;;
Kelumpang Hilir;Pelaju Baru;;;;
Kelumpang Hilir;Serongga;;;;
Kelumpang Hilir;Tegal Rejo;;;;
Kelumpang Hilir;Telaga Sari;;;;
Kelumpang Hilir;Pulau Panci;;;;
Kelumpang Hilir;Sahapi;;;;
Kelumpang Selatan;Suka Maju;;;;
Kelumpang Selatan;Pantai;;;;
Kelumpang Selatan;Tanjung Pangga;;;;
Kelumpang Selatan;Pembelancanan;;;;
Kelumpang Selatan;Bumi Asih;;;;
Kelumpang Selatan;Sungai Nipah;;;;
Kelumpang Selatan;Pantai Baru;;;;
Kelumpang Selatan;Sangking Baru;;;;
Kelumpang Selatan;Sungai Kupang Jaya;;;;
Kelumpang Tengah;Tanjung Batu;;;;
Kelumpang Tengah;Sungai Pinang;;;;
Kelumpang Tengah;Sungai Punggawa;;;;
Kelumpang Tengah;Tanjung Selayar;;;;
Kelumpang Tengah;Senakin;;;;
Kelumpang Tengah;Senakin Seberang;;;;
Kelumpang Tengah;Tanah Rata;;;;
Kelumpang Tengah;Sebuli;;;;
Kelumpang Tengah;Sembilang;;;;
Kelumpang Tengah;Tamiang Bakung;;;;
Kelumpang Tengah;Tebing Tinggi;;;;
Kelumpang Tengah;Sang Sang;;;;
Kelumpang Tengah;Geronggang;;;;
Kelumpang Utara;Sungai Hanyar;;;;
Kelumpang Utara;Pudi;;;;
Kelumpang Utara;Sungai Seluang;;;;
Kelumpang Utara;Mangga;;;;
Kelumpang Utara;Pudi Seberang;;;;
Kelumpang Utara;Sulangkit;;;;
Kelumpang Utara;Wilas;;;;
Pamukan Barat;Sengayam;;;;
Pamukan Barat;Marga Jaya;;;;
Pamukan Barat;Mayang Sari;;;;
Pamukan Barat;Mangka;;;;
Pamukan Barat;Batuah;;;;
Pamukan Selatan;Sekandis;;;;
Pamukan Selatan;Sukadana;;;;
Pamukan Selatan;Gunung Calang;;;;
Pamukan Selatan;Talusi;;;;
Pamukan Selatan;Sakalimau;;;;
Pamukan Selatan;Mulyodadi;;;;
Pamukan Selatan;Tanjung Samalantakan;;;;
Pamukan Selatan;Saka Doyan;;;;
Pamukan Selatan;Rampacengal;;;;
Pamukan Selatan;Sesulung;;;;
Pamukan Selatan;Pondok Labu;;;;
Pulau Laut Barat;Lontar Selatan;;;;
Pulau Laut Barat;Lontar Utara;;;;
Pulau Laut Barat;Gemuruh;;;;
Pulau Laut Barat;Lontar Timur;;;;
Pulau Laut Barat;Tapian Balai;;;;
Pulau Laut Barat;Sebanti;;;;
Pulau Laut Barat;Sepagar;;;;
Pulau Laut Barat;Sumber Sari (UPT. Sepagar I);;;;
Pulau Laut Barat;Subur Makmur (UPT. Sepagar II);;;;
Pulau Laut Barat;Terangkih;;;;
Pulau Laut Barat;Semaras;;;;
Pulau Laut Kepulauan;Pulau Kerayaan;;;;
Pulau Laut Kepulauan;Kerayaan Utara;;;;
Pulau Laut Kepulauan;Pulau Kerumputan;;;;
Pulau Laut Kepulauan;Pulau Kerasian;;;;
Pulau Laut Kepulauan;Teluk Kemuning;;;;
Pulau Laut Kepulauan;Teluk Aru;;;;
Pulau Laut Kepulauan;Tanjung Lalak Selatan;;;;
Pulau Laut Kepulauan;Tanjung Lalak Utara;;;;
Pulau Laut Kepulauan;Oka-oka;;;;
Pulau Laut Tengah;Semisir;;;;
Pulau Laut Tengah;Sungai Pasir;;;;
Pulau Laut Tengah;Salino;;;;
Pulau Laut Tengah;Mekar Pura;;;;
Pulau Laut Tengah;Selaru;;;;
Pulau Laut Tengah;Sungup Kanan;;;;
Pulau Laut Tengah;Pantai Baru;;;;
Pulau Laut Timur;Tanjung Pengharapan;;;;
Pulau Laut Timur;Batu Tunau;;;;
Pulau Laut Timur;Sejakah;;;;
Pulau Laut Timur;Bekambit;;;;
Pulau Laut Timur;Bekambit Asri;;;;
Pulau Laut Timur;Betung;;;;
Pulau Laut Timur;Langkang Baru;;;;
Pulau Laut Timur;Karang Sari Indah;;;;
Pulau Laut Timur;Sungai Limau;;;;
Pulau Laut Timur;Langkang Lama;;;;
Pulau Laut Timur;Kulipak;;;;
Pulau Laut Timur;Berangas;;;;
Pulau Laut Timur;Teluk Mesjid;;;;
Pulau Laut Timur;Teluk Gosong;;;;
Pulau Laut Utara;Megasari;;;;
Pulau Laut Utara;Sebelimbingan;;;;
Pulau Laut Utara;Gunung Sari;;;;
Pulau Laut Utara;Stagen;;;;
Pulau Laut Utara;Gunung Ulin;;;;
Pulau Laut Utara;Sungai Taib;;;;
Pulau Laut Utara;Semayap;;;;
Pulau Laut Utara;Dirgahayu;;;;
Pulau Laut Utara;Kotabaru Hulu;;;;
Pulau Laut Utara;Rampa;;;;
Pulau Sebuku;Sekapung;;;;
Pulau Sebuku;Kanibungan;;;;
Pulau Sebuku;Mandin;;;;
Pulau Sebuku;Belambus;;;;
Pulau Sebuku;Sarakaman;;;;
Pulau Sebuku;Sungai Bali;;;;
Pulau Sebuku;Rampa;;;;
Pulau Sebuku;Ujung;;;;
Sungai Durian;Gendang Timburu;;;;
Sungai Durian;Manunggul Lama;;;;
Sungai Durian;Manunggul Baru;;;;
Sungai Durian;Rantau Budha;;;;
Sungai Durian;Rantau Jaya;;;;
Sungai Durian;Terombong Sari;;;;
Sungai Durian;Buluh Kuning;;;;
Kusan Tengah;Sepunggur;;;;
Kusan Tengah;Api Api;;;;
Kusan Tengah;Pakatellu;;;;
Kusan Tengah;Manurung;;;;
Kusan Tengah;Batarang;;;;
Kusan Tengah;Mekar Jaya;;;;
Kusan Tengah;Pulau Tanjung;;;;
Kusan Tengah;Salimuran;;;;
Kusan Tengah;Upt. Karya Bhakti;;;;
Kusan Tengah;Satiung;;;;
Kusan Tengah;Saring Sungai Binjai;;;;
Kusan Tengah;Saring Sungai Bubu;;;;
Kusan Tengah;Serdangan;;;;
